,Iteration,Time,Fitness,FEvals,use_fast_mimic,Population Size,Keep Percent,max_iters
0,0,0.001652559999456571,271.0,0.0,True,200,0.5,500
1,1,0.22597816300003615,285.0,2.0,True,200,0.5,500
2,2,0.5048288449997926,285.0,3.0,True,200,0.5,500
3,3,0.7503666579996207,285.0,4.0,True,200,0.5,500
4,4,0.9819754629997988,285.0,5.0,True,200,0.5,500
5,5,1.1940087389994005,285.0,6.0,True,200,0.5,500
6,6,1.469339757999478,286.0,8.0,True,200,0.5,500
7,7,1.7209625159994175,286.0,9.0,True,200,0.5,500
8,8,1.947573194999677,288.0,11.0,True,200,0.5,500
9,9,2.2345985109996036,289.0,13.0,True,200,0.5,500
10,10,2.488672225999835,289.0,14.0,True,200,0.5,500
11,11,2.721885881000162,290.0,16.0,True,200,0.5,500
12,12,2.9786437019993173,290.0,17.0,True,200,0.5,500
13,13,3.2495490089995656,299.0,19.0,True,200,0.5,500
14,14,3.484307070999421,302.0,21.0,True,200,0.5,500
15,15,3.736446658999739,302.0,22.0,True,200,0.5,500
16,16,3.9834443199997622,302.0,23.0,True,200,0.5,500
17,17,4.242814029999863,303.0,25.0,True,200,0.5,500
18,18,4.50876210899969,311.0,27.0,True,200,0.5,500
19,19,4.738499412999772,311.0,28.0,True,200,0.5,500
20,20,4.973484370999358,311.0,29.0,True,200,0.5,500
21,21,5.244766396000159,311.0,30.0,True,200,0.5,500
22,22,5.480287208999471,318.0,32.0,True,200,0.5,500
23,23,5.727656066999771,325.0,34.0,True,200,0.5,500
24,24,5.988363214999481,326.0,36.0,True,200,0.5,500
25,25,6.232779154000127,335.0,38.0,True,200,0.5,500
26,26,6.497390274999816,335.0,39.0,True,200,0.5,500
27,27,6.7508105349998,338.0,41.0,True,200,0.5,500
28,28,6.998968492999666,340.0,43.0,True,200,0.5,500
29,29,7.255555501999879,349.0,45.0,True,200,0.5,500
30,30,7.506383648999872,349.0,46.0,True,200,0.5,500
31,31,7.741544067000177,352.0,48.0,True,200,0.5,500
32,32,8.004658770999413,362.0,50.0,True,200,0.5,500
33,33,8.262905312999465,368.0,52.0,True,200,0.5,500
34,34,8.503774458999942,369.0,54.0,True,200,0.5,500
35,35,8.783223041999918,374.0,56.0,True,200,0.5,500
36,36,9.046798550999483,374.0,57.0,True,200,0.5,500
37,37,9.287236487999508,379.0,59.0,True,200,0.5,500
38,38,9.570832411000083,384.0,61.0,True,200,0.5,500
39,39,9.836831064999387,384.0,62.0,True,200,0.5,500
40,40,10.0778328589995,384.0,63.0,True,200,0.5,500
41,41,10.390166489999501,387.0,65.0,True,200,0.5,500
42,42,10.634845451999354,390.0,67.0,True,200,0.5,500
43,43,10.922111449000113,394.0,69.0,True,200,0.5,500
44,44,11.231472112999654,394.0,70.0,True,200,0.5,500
45,45,11.505837269999574,398.0,72.0,True,200,0.5,500
46,46,11.818599995000113,398.0,73.0,True,200,0.5,500
47,47,12.078923573999418,400.0,75.0,True,200,0.5,500
48,48,12.315142656999342,406.0,77.0,True,200,0.5,500
49,49,12.584985671999675,406.0,78.0,True,200,0.5,500
50,50,12.842069603999335,406.0,79.0,True,200,0.5,500
51,51,13.102137551999476,406.0,80.0,True,200,0.5,500
52,52,13.418925928000135,410.0,82.0,True,200,0.5,500
53,53,13.663385208999898,410.0,83.0,True,200,0.5,500
54,54,14.059177991999604,410.0,84.0,True,200,0.5,500
55,55,14.486537580000004,410.0,85.0,True,200,0.5,500
56,56,14.89016927800003,410.0,86.0,True,200,0.5,500
57,57,15.31730958299977,410.0,87.0,True,200,0.5,500
58,58,15.75455468400014,410.0,88.0,True,200,0.5,500
59,59,16.173294761999387,410.0,89.0,True,200,0.5,500
60,60,16.439668209000047,410.0,90.0,True,200,0.5,500
61,61,16.838368706999972,410.0,91.0,True,200,0.5,500
62,62,17.280260443999396,410.0,92.0,True,200,0.5,500
63,63,17.70047173199964,410.0,93.0,True,200,0.5,500
64,64,18.18870089899974,410.0,94.0,True,200,0.5,500
65,65,18.630208044999563,410.0,95.0,True,200,0.5,500
66,66,19.06939029899968,410.0,96.0,True,200,0.5,500
67,67,19.51597756299998,410.0,97.0,True,200,0.5,500
68,68,19.959735800999624,410.0,98.0,True,200,0.5,500
69,69,20.430864871999802,410.0,99.0,True,200,0.5,500
70,70,20.842951048999566,410.0,100.0,True,200,0.5,500
71,71,21.29606822200003,410.0,101.0,True,200,0.5,500
72,72,21.735037727999952,410.0,102.0,True,200,0.5,500
73,73,22.162313035999432,410.0,103.0,True,200,0.5,500
74,74,22.61008967199996,410.0,104.0,True,200,0.5,500
75,75,23.04659529499986,410.0,105.0,True,200,0.5,500
76,76,23.524825587000123,410.0,106.0,True,200,0.5,500
77,77,23.96415088899994,410.0,107.0,True,200,0.5,500
78,78,24.405308898999465,410.0,108.0,True,200,0.5,500
79,79,24.859358271999554,410.0,109.0,True,200,0.5,500
80,80,25.29005765399961,410.0,110.0,True,200,0.5,500
81,81,25.758287005000057,410.0,111.0,True,200,0.5,500
82,82,26.181465898999704,410.0,112.0,True,200,0.5,500
83,83,26.635094030999426,410.0,113.0,True,200,0.5,500
84,84,27.068808770000032,410.0,114.0,True,200,0.5,500
85,85,27.492625119999502,410.0,115.0,True,200,0.5,500
86,86,27.947643771000003,410.0,116.0,True,200,0.5,500
87,87,28.369040051999946,410.0,117.0,True,200,0.5,500
88,88,28.85290207700018,410.0,118.0,True,200,0.5,500
89,89,29.288656269999592,410.0,119.0,True,200,0.5,500
90,90,29.73026564799966,410.0,120.0,True,200,0.5,500
91,91,30.17338571900018,410.0,121.0,True,200,0.5,500
92,92,30.599396094999975,410.0,122.0,True,200,0.5,500
93,93,31.068709438999576,410.0,123.0,True,200,0.5,500
94,94,31.485095631999684,410.0,124.0,True,200,0.5,500
95,95,31.949010710999573,410.0,125.0,True,200,0.5,500
96,96,32.3964639400001,410.0,126.0,True,200,0.5,500
97,97,32.8287753249997,410.0,127.0,True,200,0.5,500
98,98,33.27639675999944,410.0,128.0,True,200,0.5,500
99,99,33.705105848999665,410.0,129.0,True,200,0.5,500
100,100,34.186482831999456,410.0,130.0,True,200,0.5,500
101,101,34.632143508999434,410.0,131.0,True,200,0.5,500
102,102,35.0784376040001,410.0,132.0,True,200,0.5,500
103,103,35.53385726599936,410.0,133.0,True,200,0.5,500
104,104,35.96212505699987,410.0,134.0,True,200,0.5,500
105,105,36.44167691699931,410.0,135.0,True,200,0.5,500
106,106,36.87841958499939,410.0,136.0,True,200,0.5,500
107,107,37.332864889999655,410.0,137.0,True,200,0.5,500
108,108,37.78915812099967,410.0,138.0,True,200,0.5,500
109,109,38.228276244999506,410.0,139.0,True,200,0.5,500
110,110,38.70077409299938,410.0,140.0,True,200,0.5,500
111,111,39.118172925999716,410.0,141.0,True,200,0.5,500
112,112,39.5912618429993,410.0,142.0,True,200,0.5,500
113,113,40.04026657199938,410.0,143.0,True,200,0.5,500
114,114,40.482926057999975,410.0,144.0,True,200,0.5,500
115,115,40.947029439999824,410.0,145.0,True,200,0.5,500
116,116,41.37671979900006,410.0,146.0,True,200,0.5,500
117,117,41.853126248999615,410.0,147.0,True,200,0.5,500
118,118,42.29328603700014,410.0,148.0,True,200,0.5,500
119,119,42.73655240199969,410.0,149.0,True,200,0.5,500
120,120,43.19483350199971,410.0,150.0,True,200,0.5,500
121,121,43.63779090800017,410.0,151.0,True,200,0.5,500
122,122,44.12396757499937,410.0,152.0,True,200,0.5,500
123,123,44.56446521699945,410.0,153.0,True,200,0.5,500
124,124,45.02026242699958,410.0,154.0,True,200,0.5,500
125,125,45.47310345299957,410.0,155.0,True,200,0.5,500
126,126,45.920067263999954,410.0,156.0,True,200,0.5,500
127,127,46.40193792399987,410.0,157.0,True,200,0.5,500
128,128,46.84431600199969,410.0,158.0,True,200,0.5,500
129,129,47.30547586299963,410.0,159.0,True,200,0.5,500
130,130,47.764982472000156,410.0,160.0,True,200,0.5,500
131,131,48.20276131299943,410.0,161.0,True,200,0.5,500
132,132,48.68467769899962,410.0,162.0,True,200,0.5,500
133,133,49.136200992999875,410.0,163.0,True,200,0.5,500
134,134,49.60828794000008,410.0,164.0,True,200,0.5,500
135,135,50.07171572399966,410.0,165.0,True,200,0.5,500
136,136,50.51873250399967,410.0,166.0,True,200,0.5,500
137,137,51.00372024099943,410.0,167.0,True,200,0.5,500
138,138,51.44048150399976,410.0,168.0,True,200,0.5,500
139,139,51.90284917000008,410.0,169.0,True,200,0.5,500
140,140,52.36160166399986,410.0,170.0,True,200,0.5,500
141,141,52.81274527599999,410.0,171.0,True,200,0.5,500
142,142,53.28548174199932,410.0,172.0,True,200,0.5,500
143,143,53.721203473999594,410.0,173.0,True,200,0.5,500
144,144,54.192544581999755,410.0,174.0,True,200,0.5,500
145,145,54.63179206899986,410.0,175.0,True,200,0.5,500
146,146,55.0673714149998,410.0,176.0,True,200,0.5,500
147,147,55.52306319799936,410.0,177.0,True,200,0.5,500
148,148,55.958777666999595,410.0,178.0,True,200,0.5,500
149,149,56.43573897799979,410.0,179.0,True,200,0.5,500
150,150,56.88058726999952,410.0,180.0,True,200,0.5,500
151,151,57.319424997999704,410.0,181.0,True,200,0.5,500
152,152,57.781815075999475,410.0,182.0,True,200,0.5,500
153,153,58.21198648799964,410.0,183.0,True,200,0.5,500
154,154,58.70420620999994,410.0,184.0,True,200,0.5,500
155,155,59.145799406999686,410.0,185.0,True,200,0.5,500
156,156,59.58591592399989,410.0,186.0,True,200,0.5,500
157,157,60.044721677999405,410.0,187.0,True,200,0.5,500
158,158,60.47627320799984,410.0,188.0,True,200,0.5,500
159,159,60.94733637599984,410.0,189.0,True,200,0.5,500
160,160,61.39042200199947,410.0,190.0,True,200,0.5,500
161,161,61.830547695999485,410.0,191.0,True,200,0.5,500
162,162,62.29704199199932,410.0,192.0,True,200,0.5,500
163,163,62.73464680699999,410.0,193.0,True,200,0.5,500
164,164,63.211015105000115,410.0,194.0,True,200,0.5,500
165,165,63.65898784899946,410.0,195.0,True,200,0.5,500
166,166,64.09894114999952,410.0,196.0,True,200,0.5,500
167,167,64.5575287949996,410.0,197.0,True,200,0.5,500
168,168,65.00086992999968,410.0,198.0,True,200,0.5,500
169,169,65.47642348099998,410.0,199.0,True,200,0.5,500
170,170,65.9277826159996,410.0,200.0,True,200,0.5,500
171,171,66.37045533799937,410.0,201.0,True,200,0.5,500
172,172,66.8390216809994,410.0,202.0,True,200,0.5,500
173,173,67.27285821799978,410.0,203.0,True,200,0.5,500
174,174,67.73294465399977,410.0,204.0,True,200,0.5,500
175,175,68.18287044099998,410.0,205.0,True,200,0.5,500
176,176,68.61893566900017,410.0,206.0,True,200,0.5,500
177,177,69.08719846299937,410.0,207.0,True,200,0.5,500
178,178,69.53663865899944,410.0,208.0,True,200,0.5,500
179,179,70.00541000599969,410.0,209.0,True,200,0.5,500
180,180,70.46473424299984,410.0,210.0,True,200,0.5,500
181,181,70.90273366899964,410.0,211.0,True,200,0.5,500
182,182,71.37556790799954,410.0,212.0,True,200,0.5,500
183,183,71.816020665,410.0,213.0,True,200,0.5,500
184,184,72.27811385599944,410.0,214.0,True,200,0.5,500
185,185,72.73344485300004,410.0,215.0,True,200,0.5,500
186,186,73.18035694599985,410.0,216.0,True,200,0.5,500
187,187,73.67389076400013,410.0,217.0,True,200,0.5,500
188,188,74.11878915099987,410.0,218.0,True,200,0.5,500
189,189,74.56400885999938,410.0,219.0,True,200,0.5,500
190,190,75.01948989799985,410.0,220.0,True,200,0.5,500
191,191,75.45468691599945,410.0,221.0,True,200,0.5,500
192,192,75.9393049499995,410.0,222.0,True,200,0.5,500
193,193,76.38093099799971,410.0,223.0,True,200,0.5,500
194,194,76.8237969619995,410.0,224.0,True,200,0.5,500
195,195,77.30138067999997,410.0,225.0,True,200,0.5,500
196,196,77.74155513599999,410.0,226.0,True,200,0.5,500
197,197,78.21050475799984,410.0,227.0,True,200,0.5,500
198,198,78.65291123999941,410.0,228.0,True,200,0.5,500
199,199,79.09373110599972,410.0,229.0,True,200,0.5,500
200,200,79.5718828099998,410.0,230.0,True,200,0.5,500
201,201,80.0105915059994,410.0,231.0,True,200,0.5,500
202,202,80.48592408100012,410.0,232.0,True,200,0.5,500
203,203,80.95143856999948,410.0,233.0,True,200,0.5,500
204,204,81.39634956000009,410.0,234.0,True,200,0.5,500
205,205,81.8804048080001,410.0,235.0,True,200,0.5,500
206,206,82.32129315200018,410.0,236.0,True,200,0.5,500
207,207,82.77902127499965,410.0,237.0,True,200,0.5,500
208,208,83.24797651799963,410.0,238.0,True,200,0.5,500
209,209,83.6858859240001,410.0,239.0,True,200,0.5,500
210,210,84.18310011599988,410.0,240.0,True,200,0.5,500
211,211,84.64473590899979,410.0,241.0,True,200,0.5,500
212,212,85.0905461960001,410.0,242.0,True,200,0.5,500
213,213,85.56059795599958,410.0,243.0,True,200,0.5,500
214,214,85.99628366099932,410.0,244.0,True,200,0.5,500
215,215,86.4578466869998,410.0,245.0,True,200,0.5,500
216,216,86.91376594699977,410.0,246.0,True,200,0.5,500
217,217,87.3600131739995,410.0,247.0,True,200,0.5,500
218,218,87.83972830999937,410.0,248.0,True,200,0.5,500
219,219,88.29127455700018,410.0,249.0,True,200,0.5,500
220,220,88.75189519600008,410.0,250.0,True,200,0.5,500
221,221,89.22200081599931,410.0,251.0,True,200,0.5,500
222,222,89.66468258499935,410.0,252.0,True,200,0.5,500
223,223,90.14722749900011,410.0,253.0,True,200,0.5,500
224,224,90.59107349199985,410.0,254.0,True,200,0.5,500
225,225,91.03746287499962,410.0,255.0,True,200,0.5,500
226,226,91.50381830100014,410.0,256.0,True,200,0.5,500
227,227,91.94029014099942,410.0,257.0,True,200,0.5,500
228,228,92.42205130599996,410.0,258.0,True,200,0.5,500
229,229,92.87698331299998,410.0,259.0,True,200,0.5,500
230,230,93.31546923199949,410.0,260.0,True,200,0.5,500
231,231,93.77968475399939,410.0,261.0,True,200,0.5,500
232,232,94.22439864399985,410.0,262.0,True,200,0.5,500
233,233,94.69173777499964,410.0,263.0,True,200,0.5,500
234,234,95.15237167899977,410.0,264.0,True,200,0.5,500
235,235,95.60034143699977,410.0,265.0,True,200,0.5,500
236,236,96.0773922949993,410.0,266.0,True,200,0.5,500
237,237,96.51822093800001,410.0,267.0,True,200,0.5,500
238,238,96.97764663499947,410.0,268.0,True,200,0.5,500
239,239,97.43588506499964,410.0,269.0,True,200,0.5,500
240,240,97.88189409499955,410.0,270.0,True,200,0.5,500
241,241,98.37694113099951,410.0,271.0,True,200,0.5,500
242,242,98.83574216699981,410.0,272.0,True,200,0.5,500
243,243,99.2809116819999,410.0,273.0,True,200,0.5,500
244,244,99.75874922599996,410.0,274.0,True,200,0.5,500
245,245,100.19868366099945,410.0,275.0,True,200,0.5,500
246,246,100.66448329499963,410.0,276.0,True,200,0.5,500
247,247,101.1166912130002,410.0,277.0,True,200,0.5,500
248,248,101.5580208450001,410.0,278.0,True,200,0.5,500
249,249,102.0406577220001,410.0,279.0,True,200,0.5,500
250,250,102.4836339529993,410.0,280.0,True,200,0.5,500
251,251,102.95160787499935,410.0,281.0,True,200,0.5,500
252,252,103.43103650400008,410.0,282.0,True,200,0.5,500
253,253,103.87728991199947,410.0,283.0,True,200,0.5,500
254,254,104.36973109999963,410.0,284.0,True,200,0.5,500
255,255,104.81103567599985,410.0,285.0,True,200,0.5,500
256,256,105.27504735599996,410.0,286.0,True,200,0.5,500
257,257,105.74880784200013,410.0,287.0,True,200,0.5,500
258,258,106.19616851699993,410.0,288.0,True,200,0.5,500
259,259,106.6731321419993,410.0,289.0,True,200,0.5,500
260,260,107.12258142599967,410.0,290.0,True,200,0.5,500
261,261,107.61638061099984,410.0,291.0,True,200,0.5,500
262,262,108.06330677200003,410.0,292.0,True,200,0.5,500
263,263,108.55392207400018,410.0,293.0,True,200,0.5,500
264,264,108.99810556000011,410.0,294.0,True,200,0.5,500
265,265,109.46068307899986,410.0,295.0,True,200,0.5,500
266,266,109.92603237799995,410.0,296.0,True,200,0.5,500
267,267,110.35485287599931,410.0,297.0,True,200,0.5,500
268,268,110.86768782799936,410.0,298.0,True,200,0.5,500
269,269,111.33362172399939,410.0,299.0,True,200,0.5,500
270,270,111.81795804899957,410.0,300.0,True,200,0.5,500
271,271,112.26981810399957,410.0,301.0,True,200,0.5,500
272,272,112.71507727700009,410.0,302.0,True,200,0.5,500
273,273,113.19092996899963,410.0,303.0,True,200,0.5,500
274,274,113.63157186099943,410.0,304.0,True,200,0.5,500
275,275,114.12725834699995,410.0,305.0,True,200,0.5,500
276,276,114.57149083399963,410.0,306.0,True,200,0.5,500
277,277,115.03255355199963,410.0,307.0,True,200,0.5,500
278,278,115.5067295279996,410.0,308.0,True,200,0.5,500
279,279,115.9400533019998,410.0,309.0,True,200,0.5,500
280,280,116.44573780300016,410.0,310.0,True,200,0.5,500
281,281,116.89190939699984,410.0,311.0,True,200,0.5,500
282,282,117.36149956099962,410.0,312.0,True,200,0.5,500
283,283,117.82232759899944,410.0,313.0,True,200,0.5,500
284,284,118.26198991399997,410.0,314.0,True,200,0.5,500
285,285,118.7582283949996,410.0,315.0,True,200,0.5,500
286,286,119.2078346620001,410.0,316.0,True,200,0.5,500
287,287,119.70278206199964,410.0,317.0,True,200,0.5,500
288,288,120.15735468599996,410.0,318.0,True,200,0.5,500
289,289,120.61484648499936,410.0,319.0,True,200,0.5,500
290,290,121.07508760200017,410.0,320.0,True,200,0.5,500
291,291,121.50646691899965,410.0,321.0,True,200,0.5,500
292,292,122.01165974699961,410.0,322.0,True,200,0.5,500
293,293,122.46311947100003,410.0,323.0,True,200,0.5,500
294,294,122.93731659700006,410.0,324.0,True,200,0.5,500
295,295,123.39580804199977,410.0,325.0,True,200,0.5,500
296,296,123.81578954899942,410.0,326.0,True,200,0.5,500
297,297,124.24129956599973,410.0,327.0,True,200,0.5,500
298,298,124.62516924400006,410.0,328.0,True,200,0.5,500
299,299,125.04264030200011,410.0,329.0,True,200,0.5,500
300,300,125.43159943799947,410.0,330.0,True,200,0.5,500
301,301,125.82320255200011,410.0,331.0,True,200,0.5,500
302,302,126.22495740900013,410.0,332.0,True,200,0.5,500
303,303,126.59728667999934,410.0,333.0,True,200,0.5,500
304,304,127.03019355299966,410.0,334.0,True,200,0.5,500
305,305,127.41340382399994,410.0,335.0,True,200,0.5,500
306,306,127.82022332199995,410.0,336.0,True,200,0.5,500
307,307,128.2058228649994,410.0,337.0,True,200,0.5,500
308,308,128.5741417119998,410.0,338.0,True,200,0.5,500
309,309,129.00190798199947,410.0,339.0,True,200,0.5,500
310,310,129.38086530599958,410.0,340.0,True,200,0.5,500
311,311,129.79759356999966,410.0,341.0,True,200,0.5,500
312,312,130.18237352599954,410.0,342.0,True,200,0.5,500
313,313,130.57491513100013,410.0,343.0,True,200,0.5,500
314,314,130.97678099699988,410.0,344.0,True,200,0.5,500
315,315,131.34702301200014,410.0,345.0,True,200,0.5,500
316,316,131.78104115899987,410.0,346.0,True,200,0.5,500
317,317,132.1674397809993,410.0,347.0,True,200,0.5,500
318,318,132.57064226399962,410.0,348.0,True,200,0.5,500
319,319,132.95715764499982,410.0,349.0,True,200,0.5,500
320,320,133.32439130700004,410.0,350.0,True,200,0.5,500
321,321,133.7516103299995,410.0,351.0,True,200,0.5,500
322,322,134.1326321159995,410.0,352.0,True,200,0.5,500
323,323,134.5529869840002,410.0,353.0,True,200,0.5,500
324,324,134.93467655299992,410.0,354.0,True,200,0.5,500
325,325,135.32474894499956,410.0,355.0,True,200,0.5,500
326,326,135.72656062999977,410.0,356.0,True,200,0.5,500
327,327,136.0962261429995,410.0,357.0,True,200,0.5,500
328,328,136.53081123399988,410.0,358.0,True,200,0.5,500
329,329,136.9185126299999,410.0,359.0,True,200,0.5,500
330,330,137.3203685769995,410.0,360.0,True,200,0.5,500
331,331,137.71022859200002,410.0,361.0,True,200,0.5,500
332,332,138.07938336699954,410.0,362.0,True,200,0.5,500
333,333,138.48987737799962,410.0,363.0,True,200,0.5,500
334,334,138.88431628199942,410.0,364.0,True,200,0.5,500
335,335,139.27062513500005,410.0,365.0,True,200,0.5,500
336,336,139.69295145099932,410.0,366.0,True,200,0.5,500
337,337,140.0755065229996,410.0,367.0,True,200,0.5,500
338,338,140.4735949729993,410.0,368.0,True,200,0.5,500
339,339,140.87340947099983,410.0,369.0,True,200,0.5,500
340,340,141.26361071599968,410.0,370.0,True,200,0.5,500
341,341,141.63837115600018,410.0,371.0,True,200,0.5,500
342,342,142.0755812009993,410.0,372.0,True,200,0.5,500
343,343,142.45938208000007,410.0,373.0,True,200,0.5,500
344,344,142.87760867499946,410.0,374.0,True,200,0.5,500
345,345,143.2645382740002,410.0,375.0,True,200,0.5,500
346,346,143.65812190299948,410.0,376.0,True,200,0.5,500
347,347,144.04558161499972,410.0,377.0,True,200,0.5,500
348,348,144.45544669599985,410.0,378.0,True,200,0.5,500
349,349,144.8377541740001,410.0,379.0,True,200,0.5,500
350,350,145.24303726000016,410.0,380.0,True,200,0.5,500
351,351,145.6294615299994,410.0,381.0,True,200,0.5,500
352,352,146.04474754900002,410.0,382.0,True,200,0.5,500
353,353,146.4231224899995,410.0,383.0,True,200,0.5,500
354,354,146.84371135699985,410.0,384.0,True,200,0.5,500
355,355,147.23538232800001,410.0,385.0,True,200,0.5,500
356,356,147.62451891599994,410.0,386.0,True,200,0.5,500
357,357,148.03981620600007,410.0,387.0,True,200,0.5,500
358,358,148.43120630199974,410.0,388.0,True,200,0.5,500
359,359,148.82203537399982,410.0,389.0,True,200,0.5,500
360,360,149.22908031499992,410.0,390.0,True,200,0.5,500
361,361,149.60441766799977,410.0,391.0,True,200,0.5,500
362,362,150.04008406699995,410.0,392.0,True,200,0.5,500
363,363,150.429604164,410.0,393.0,True,200,0.5,500
364,364,150.84051330300008,410.0,394.0,True,200,0.5,500
365,365,151.22892186599984,410.0,395.0,True,200,0.5,500
366,366,151.6034473259997,410.0,396.0,True,200,0.5,500
367,367,152.03201924699988,410.0,397.0,True,200,0.5,500
368,368,152.41275892399972,410.0,398.0,True,200,0.5,500
369,369,152.83588609199978,410.0,399.0,True,200,0.5,500
370,370,153.2200301539997,410.0,400.0,True,200,0.5,500
371,371,153.61188941899945,410.0,401.0,True,200,0.5,500
372,372,154.0135326769996,410.0,402.0,True,200,0.5,500
373,373,154.3858964330002,410.0,403.0,True,200,0.5,500
374,374,154.82385570299994,410.0,404.0,True,200,0.5,500
375,375,155.21431242699964,410.0,405.0,True,200,0.5,500
376,376,155.62460291600019,410.0,406.0,True,200,0.5,500
377,377,156.00884526299978,410.0,407.0,True,200,0.5,500
378,378,156.37361730700013,410.0,408.0,True,200,0.5,500
379,379,156.7926287549999,410.0,409.0,True,200,0.5,500
380,380,157.17092314399997,410.0,410.0,True,200,0.5,500
381,381,157.57181778799986,410.0,411.0,True,200,0.5,500
382,382,157.9533457339994,410.0,412.0,True,200,0.5,500
383,383,158.32571139299944,410.0,413.0,True,200,0.5,500
384,384,158.72804519599958,410.0,414.0,True,200,0.5,500
385,385,159.0954976080002,410.0,415.0,True,200,0.5,500
386,386,159.50410431899945,410.0,416.0,True,200,0.5,500
387,387,159.87982722499964,410.0,417.0,True,200,0.5,500
388,388,160.2657398349993,410.0,418.0,True,200,0.5,500
389,389,160.65209966400016,410.0,419.0,True,200,0.5,500
390,390,161.02138646799995,410.0,420.0,True,200,0.5,500
391,391,161.44043789999978,410.0,421.0,True,200,0.5,500
392,392,161.81760202999976,410.0,422.0,True,200,0.5,500
393,393,162.20497574099954,410.0,423.0,True,200,0.5,500
394,394,162.5930834789997,410.0,424.0,True,200,0.5,500
395,395,162.96210839099967,410.0,425.0,True,200,0.5,500
396,396,163.38268418299958,410.0,426.0,True,200,0.5,500
397,397,163.76068104499973,410.0,427.0,True,200,0.5,500
398,398,164.16114695399938,410.0,428.0,True,200,0.5,500
399,399,164.5359080369999,410.0,429.0,True,200,0.5,500
400,400,164.91257845000018,410.0,430.0,True,200,0.5,500
401,401,165.3169046209996,410.0,431.0,True,200,0.5,500
402,402,165.6879644999999,410.0,432.0,True,200,0.5,500
403,403,166.0934615369997,410.0,433.0,True,200,0.5,500
404,404,166.47008625499984,410.0,434.0,True,200,0.5,500
405,405,166.84711615299966,410.0,435.0,True,200,0.5,500
406,406,167.2389977899993,410.0,436.0,True,200,0.5,500
407,407,167.60549615299988,410.0,437.0,True,200,0.5,500
408,408,168.02076496999962,410.0,438.0,True,200,0.5,500
409,409,168.3994289329994,410.0,439.0,True,200,0.5,500
410,410,168.78574776499954,410.0,440.0,True,200,0.5,500
411,411,169.16703113199947,410.0,441.0,True,200,0.5,500
412,412,169.53290081500018,410.0,442.0,True,200,0.5,500
413,413,169.95300617500016,410.0,443.0,True,200,0.5,500
414,414,170.33778906599946,410.0,444.0,True,200,0.5,500
415,415,170.7357625300001,410.0,445.0,True,200,0.5,500
416,416,171.11258701299994,410.0,446.0,True,200,0.5,500
417,417,171.47987713099974,410.0,447.0,True,200,0.5,500
418,418,171.89528127199992,410.0,448.0,True,200,0.5,500
419,419,172.2672930459994,410.0,449.0,True,200,0.5,500
420,420,172.6707301489996,410.0,450.0,True,200,0.5,500
421,421,173.05180421299974,410.0,451.0,True,200,0.5,500
422,422,173.42850514400016,410.0,452.0,True,200,0.5,500
423,423,173.82350922800015,410.0,453.0,True,200,0.5,500
424,424,174.1865035390001,410.0,454.0,True,200,0.5,500
425,425,174.60103811799945,410.0,455.0,True,200,0.5,500
426,426,174.97923088700009,410.0,456.0,True,200,0.5,500
427,427,175.36561332899964,410.0,457.0,True,200,0.5,500
428,428,175.75116187599997,410.0,458.0,True,200,0.5,500
429,429,176.12173141599942,410.0,459.0,True,200,0.5,500
430,430,176.54191505200015,410.0,460.0,True,200,0.5,500
431,431,176.91985242200008,410.0,461.0,True,200,0.5,500
432,432,177.30604655099978,410.0,462.0,True,200,0.5,500
433,433,177.68405242900008,410.0,463.0,True,200,0.5,500
434,434,178.05156176799937,410.0,464.0,True,200,0.5,500
435,435,178.46935734499948,410.0,465.0,True,200,0.5,500
436,436,178.84893014299996,410.0,466.0,True,200,0.5,500
437,437,179.2511011709994,410.0,467.0,True,200,0.5,500
438,438,179.62667082999997,410.0,468.0,True,200,0.5,500
439,439,180.00473182199948,410.0,469.0,True,200,0.5,500
440,440,180.40745571699972,410.0,470.0,True,200,0.5,500
441,441,180.7799076479996,410.0,471.0,True,200,0.5,500
442,442,181.18842210499952,410.0,472.0,True,200,0.5,500
443,443,181.566539423,410.0,473.0,True,200,0.5,500
444,444,181.94779066899991,410.0,474.0,True,200,0.5,500
445,445,182.33649259199956,410.0,475.0,True,200,0.5,500
446,446,182.71179517899964,410.0,476.0,True,200,0.5,500
447,447,183.1303540179997,410.0,477.0,True,200,0.5,500
448,448,183.50778738200006,410.0,478.0,True,200,0.5,500
449,449,183.8944094339995,410.0,479.0,True,200,0.5,500
450,450,184.27439917399988,410.0,480.0,True,200,0.5,500
451,451,184.63683741099976,410.0,481.0,True,200,0.5,500
452,452,185.05690321600014,410.0,482.0,True,200,0.5,500
453,453,185.43795725200016,410.0,483.0,True,200,0.5,500
454,454,185.83381071999975,410.0,484.0,True,200,0.5,500
455,455,186.21186353599933,410.0,485.0,True,200,0.5,500
456,456,186.58449085599932,410.0,486.0,True,200,0.5,500
457,457,186.9935349869993,410.0,487.0,True,200,0.5,500
458,458,187.36381649599934,410.0,488.0,True,200,0.5,500
459,459,187.76984008099953,410.0,489.0,True,200,0.5,500
460,460,188.14679664100004,410.0,490.0,True,200,0.5,500
461,461,188.52610729699973,410.0,491.0,True,200,0.5,500
462,462,188.91876925799988,410.0,492.0,True,200,0.5,500
463,463,189.2902461399999,410.0,493.0,True,200,0.5,500
464,464,189.70388551999986,410.0,494.0,True,200,0.5,500
465,465,190.0824177659997,410.0,495.0,True,200,0.5,500
466,466,190.47199550200003,410.0,496.0,True,200,0.5,500
467,467,190.85284110700013,410.0,497.0,True,200,0.5,500
468,468,191.2186513789993,410.0,498.0,True,200,0.5,500
469,469,191.63969027999974,410.0,499.0,True,200,0.5,500
470,470,192.02637124099965,410.0,500.0,True,200,0.5,500
471,471,192.41983975499988,410.0,501.0,True,200,0.5,500
472,472,192.79621851199954,410.0,502.0,True,200,0.5,500
473,473,193.15520813999956,410.0,503.0,True,200,0.5,500
474,474,193.57673306200013,410.0,504.0,True,200,0.5,500
475,475,193.95027499699972,410.0,505.0,True,200,0.5,500
476,476,194.3525621230001,410.0,506.0,True,200,0.5,500
477,477,194.73066634599945,410.0,507.0,True,200,0.5,500
478,478,195.1066642879996,410.0,508.0,True,200,0.5,500
479,479,195.50701426999967,410.0,509.0,True,200,0.5,500
480,480,195.87999784800013,410.0,510.0,True,200,0.5,500
481,481,196.28924637199998,410.0,511.0,True,200,0.5,500
482,482,196.6694899589993,410.0,512.0,True,200,0.5,500
483,483,197.0499284409998,410.0,513.0,True,200,0.5,500
484,484,197.43942000399966,410.0,514.0,True,200,0.5,500
485,485,197.80874511899947,410.0,515.0,True,200,0.5,500
486,486,198.22554449699965,410.0,516.0,True,200,0.5,500
487,487,198.60306316199967,410.0,517.0,True,200,0.5,500
488,488,198.99155279600018,410.0,518.0,True,200,0.5,500
489,489,199.37240768899937,410.0,519.0,True,200,0.5,500
490,490,199.7355394870001,410.0,520.0,True,200,0.5,500
491,491,200.15634959899944,410.0,521.0,True,200,0.5,500
492,492,200.5412272679996,410.0,522.0,True,200,0.5,500
493,493,200.93932550599948,410.0,523.0,True,200,0.5,500
494,494,201.3184004300001,410.0,524.0,True,200,0.5,500
495,495,201.68580824799938,410.0,525.0,True,200,0.5,500
496,496,202.0966419159995,410.0,526.0,True,200,0.5,500
497,497,202.46822560799956,410.0,527.0,True,200,0.5,500
498,498,202.8723114479999,410.0,528.0,True,200,0.5,500
499,499,203.25238852199982,410.0,529.0,True,200,0.5,500
500,500,203.63260859399998,410.0,530.0,True,200,0.5,500
