,Iteration,Time,Fitness,FEvals,Restarts,max_iters,current_restart
44690,1,0.0015160240000113845,24003.0,49721.0,50,1000,50
44691,2,0.0015472329996555345,24003.0,49722.0,50,1000,50
44692,3,0.0015667889992982964,24003.0,49723.0,50,1000,50
44693,4,0.0015963949999786564,24003.0,49724.0,50,1000,50
44694,5,0.0016143289994943189,24003.0,49725.0,50,1000,50
44695,6,0.0016421909995187889,24003.0,49726.0,50,1000,50
44696,7,0.0016704339996067574,24165.0,49728.0,50,1000,50
44697,8,0.0017008009999699425,24165.0,49729.0,50,1000,50
44698,9,0.0017205579997607856,24188.0,49731.0,50,1000,50
44699,10,0.0017389019994880073,24188.0,49732.0,50,1000,50
44700,11,0.0017557239998495788,24350.0,49734.0,50,1000,50
44701,12,0.0017730659992594155,24391.0,49736.0,50,1000,50
44702,13,0.0017916109991347184,24391.0,49737.0,50,1000,50
44703,14,0.0018192829993495252,24391.0,49738.0,50,1000,50
44704,15,0.001839099999415339,24391.0,49739.0,50,1000,50
44705,16,0.0018586469996080268,24532.0,49741.0,50,1000,50
44706,17,0.0018885729996327427,24730.0,49743.0,50,1000,50
44707,18,0.0019170369996572845,24730.0,49744.0,50,1000,50
44708,19,0.0019466319999992265,24730.0,49745.0,50,1000,50
44709,20,0.001966068999536219,24890.0,49747.0,50,1000,50
44710,21,0.0019952729999204166,24890.0,49748.0,50,1000,50
44711,22,0.002023585999268107,25054.0,49750.0,50,1000,50
44712,23,0.0020447059996513417,25054.0,49751.0,50,1000,50
44713,24,0.002064442999653693,25054.0,49752.0,50,1000,50
44714,25,0.002093036999212927,25131.0,49754.0,50,1000,50
44715,26,0.0021151479995751288,25131.0,49755.0,50,1000,50
44716,27,0.0021389929997894797,25131.0,49756.0,50,1000,50
44717,28,0.0021689689992854255,25168.0,49758.0,50,1000,50
44718,29,0.0021907299997110385,25168.0,49759.0,50,1000,50
44719,30,0.002212670999142574,25168.0,49760.0,50,1000,50
44720,31,0.0022381189992302097,25168.0,49761.0,50,1000,50
44721,32,0.0022680249994664337,25168.0,49762.0,50,1000,50
44722,33,0.002299072999448981,25168.0,49763.0,50,1000,50
44723,34,0.0023336579997703666,25168.0,49764.0,50,1000,50
44724,35,0.002371859999584558,25168.0,49765.0,50,1000,50
44725,36,0.0023950129998411285,25221.0,49767.0,50,1000,50
44726,37,0.0024241279998022947,25290.0,49769.0,50,1000,50
44727,38,0.002445608000016364,25298.0,49771.0,50,1000,50
44728,39,0.0024678399995536893,25298.0,49772.0,50,1000,50
44729,40,0.002495240999451198,25298.0,49773.0,50,1000,50
44730,41,0.0025158799999189796,25328.0,49775.0,50,1000,50
44731,42,0.0025361680000060005,25328.0,49776.0,50,1000,50
44732,43,0.0025645409996286617,25527.0,49778.0,50,1000,50
44733,44,0.0025945069992303615,25638.0,49780.0,50,1000,50
44734,45,0.0026324889995521517,25703.0,49782.0,50,1000,50
44735,46,0.0026674839991756016,25834.0,49784.0,50,1000,50
44736,47,0.0026965189999828,25834.0,49785.0,50,1000,50
44737,48,0.0027225079993513646,25834.0,49786.0,50,1000,50
44738,49,0.002755889999207284,25876.0,49788.0,50,1000,50
44739,50,0.0027813279994006734,25876.0,49789.0,50,1000,50
44740,51,0.0028079479998268653,25876.0,49790.0,50,1000,50
44741,52,0.0028342069999780506,26053.0,49792.0,50,1000,50
44742,53,0.0028692229998341645,26053.0,49793.0,50,1000,50
44743,54,0.002896684000006644,26184.0,49795.0,50,1000,50
44744,55,0.002936057999249897,26229.0,49797.0,50,1000,50
44745,56,0.002975611999318062,26229.0,49798.0,50,1000,50
44746,57,0.0030047769996599527,26325.0,49800.0,50,1000,50
44747,58,0.0030327899994517793,26325.0,49801.0,50,1000,50
44748,59,0.003070329999900423,26325.0,49802.0,50,1000,50
44749,60,0.003105325999968045,26467.0,49804.0,50,1000,50
44750,61,0.0031323059993155766,26490.0,49806.0,50,1000,50
44751,62,0.0031591869992553256,26490.0,49807.0,50,1000,50
44752,63,0.0031964669997250894,26543.0,49809.0,50,1000,50
44753,64,0.003235349999158643,26593.0,49811.0,50,1000,50
44754,65,0.0032676699993317015,26593.0,49812.0,50,1000,50
44755,66,0.003297385999758262,26744.0,49814.0,50,1000,50
44756,67,0.0033263999994233018,26744.0,49815.0,50,1000,50
44757,68,0.0033584209995751735,26790.0,49817.0,50,1000,50
44758,69,0.0033967219997066422,26790.0,49818.0,50,1000,50
44759,70,0.003436356999372947,26891.0,49820.0,50,1000,50
44760,71,0.0034744779995889985,26891.0,49821.0,50,1000,50
44761,72,0.0035114679994876496,26957.0,49823.0,50,1000,50
44762,73,0.0035405720000198926,26957.0,49824.0,50,1000,50
44763,74,0.0035803869996016147,26957.0,49825.0,50,1000,50
44764,75,0.0036201919992890907,27061.0,49827.0,50,1000,50
44765,76,0.003656348999356851,27136.0,49829.0,50,1000,50
44766,77,0.0036868369998046546,27136.0,49830.0,50,1000,50
44767,78,0.0037179549999564188,27277.0,49832.0,50,1000,50
44768,79,0.003748902999177517,27359.0,49834.0,50,1000,50
44769,80,0.0037799509991600644,27501.0,49836.0,50,1000,50
44770,81,0.003812762999586994,27501.0,49837.0,50,1000,50
44771,82,0.00385528299921134,27596.0,49839.0,50,1000,50
44772,83,0.0038961989994277246,27768.0,49841.0,50,1000,50
44773,84,0.00392840999938926,27801.0,49843.0,50,1000,50
44774,85,0.003969035999944026,27801.0,49844.0,50,1000,50
44775,86,0.004001407000032486,27801.0,49845.0,50,1000,50
44776,87,0.004035680999550095,27995.0,49847.0,50,1000,50
44777,88,0.0040786919998936355,28138.0,49849.0,50,1000,50
44778,89,0.0041134469993266976,28138.0,49850.0,50,1000,50
44779,90,0.004147229999944102,28138.0,49851.0,50,1000,50
44780,91,0.004189969999970344,28212.0,49853.0,50,1000,50
44781,92,0.004229033999763487,28242.0,49855.0,50,1000,50
44782,93,0.004275550999409461,28242.0,49856.0,50,1000,50
44783,94,0.0043184819996895385,28366.0,49858.0,50,1000,50
44784,95,0.004351963999397412,28366.0,49859.0,50,1000,50
44785,96,0.004387360999317025,28397.0,49861.0,50,1000,50
44786,97,0.004424099999596365,28397.0,49862.0,50,1000,50
44787,98,0.004460898999241181,28397.0,49863.0,50,1000,50
44788,99,0.004503928999838536,28590.0,49865.0,50,1000,50
44789,100,0.004540407999229501,28590.0,49866.0,50,1000,50
44790,101,0.0045757639991279575,28590.0,49867.0,50,1000,50
44791,102,0.004613855999195948,28590.0,49868.0,50,1000,50
44792,103,0.0046517769997080904,28590.0,49869.0,50,1000,50
44793,104,0.004697372000009636,28590.0,49870.0,50,1000,50
44794,105,0.004741805999401549,28590.0,49871.0,50,1000,50
44795,106,0.004777872999511601,28590.0,49872.0,50,1000,50
44796,107,0.004823698999643966,28741.0,49874.0,50,1000,50
44797,108,0.0048626219995639985,28818.0,49876.0,50,1000,50
44798,109,0.00491172399961215,28818.0,49877.0,50,1000,50
44799,110,0.004950656999426428,28818.0,49878.0,50,1000,50
44800,111,0.004998386999432114,28977.0,49880.0,50,1000,50
44801,112,0.005037519999859796,29071.0,49882.0,50,1000,50
44802,113,0.005076713999187632,29071.0,49883.0,50,1000,50
44803,114,0.005115976999150007,29207.0,49885.0,50,1000,50
44804,115,0.005154178999873693,29207.0,49886.0,50,1000,50
44805,116,0.005203691999668081,29271.0,49888.0,50,1000,50
44806,117,0.005253995999737526,29286.0,49890.0,50,1000,50
44807,118,0.005301655999573995,29286.0,49891.0,50,1000,50
44808,119,0.0053492249999180785,29460.0,49893.0,50,1000,50
44809,120,0.005391253999732726,29460.0,49894.0,50,1000,50
44810,121,0.005434153999885893,29460.0,49895.0,50,1000,50
44811,122,0.005475371999636991,29460.0,49896.0,50,1000,50
44812,123,0.005524473999685142,29512.0,49898.0,50,1000,50
44813,124,0.005572633999690879,29512.0,49899.0,50,1000,50
44814,125,0.005615443999886338,29512.0,49900.0,50,1000,50
44815,126,0.00565826499951072,29512.0,49901.0,50,1000,50
44816,127,0.005701625999790849,29512.0,49902.0,50,1000,50
44817,128,0.005752841999310476,29512.0,49903.0,50,1000,50
44818,129,0.00580352699944342,29512.0,49904.0,50,1000,50
44819,130,0.005854572999851371,29512.0,49905.0,50,1000,50
44820,131,0.005904396000005363,29554.0,49907.0,50,1000,50
44821,132,0.005955321999863372,29554.0,49908.0,50,1000,50
44822,133,0.006005004999678931,29554.0,49909.0,50,1000,50
44823,134,0.006049127999176562,29684.0,49911.0,50,1000,50
44824,135,0.006101766000028874,29684.0,49912.0,50,1000,50
44825,136,0.006145057999674464,29846.0,49914.0,50,1000,50
44826,137,0.006189029999404738,29846.0,49915.0,50,1000,50
44827,138,0.006229725999219227,29846.0,49916.0,50,1000,50
44828,139,0.00628541099922586,29846.0,49917.0,50,1000,50
44829,140,0.0063331399996968685,29846.0,49918.0,50,1000,50
44830,141,0.006389886999386363,29846.0,49919.0,50,1000,50
44831,142,0.006436423999730323,29920.0,49921.0,50,1000,50
44832,143,0.006491306999123481,29920.0,49922.0,50,1000,50
44833,144,0.006538795999404101,29920.0,49923.0,50,1000,50
44834,145,0.006593889999749081,30048.0,49925.0,50,1000,50
44835,146,0.006641678999585565,30048.0,49926.0,50,1000,50
44836,147,0.0066880559998026,30048.0,49927.0,50,1000,50
44837,148,0.006742778999978327,30214.0,49929.0,50,1000,50
44838,149,0.006793945000026724,30380.0,49931.0,50,1000,50
44839,150,0.0068440989998634905,30380.0,49932.0,50,1000,50
44840,151,0.006902808999257104,30380.0,49933.0,50,1000,50
44841,152,0.006953473999601556,30473.0,49935.0,50,1000,50
44842,153,0.007001974999184313,30639.0,49937.0,50,1000,50
44843,154,0.007051236999359389,30639.0,49938.0,50,1000,50
44844,155,0.007106000000021595,30768.0,49940.0,50,1000,50
44845,156,0.007161042999541678,30866.0,49942.0,50,1000,50
44846,157,0.007207209999251063,30866.0,49943.0,50,1000,50
44847,158,0.007255259999510599,30974.0,49945.0,50,1000,50
44848,159,0.007314851999581151,31155.0,49947.0,50,1000,50
44849,160,0.007364604999565927,31155.0,49948.0,50,1000,50
44850,161,0.007421301999784191,31155.0,49949.0,50,1000,50
44851,162,0.007469701999980316,31271.0,49951.0,50,1000,50
44852,163,0.007525035999606189,31332.0,49953.0,50,1000,50
44853,164,0.007582874999570777,31419.0,49955.0,50,1000,50
44854,165,0.007651132999853871,31419.0,49956.0,50,1000,50
44855,166,0.007713659999353695,31419.0,49957.0,50,1000,50
44856,167,0.007763252999211545,31419.0,49958.0,50,1000,50
44857,168,0.00781355699928099,31565.0,49960.0,50,1000,50
44858,169,0.007862959999329178,31606.0,49962.0,50,1000,50
44859,170,0.007912652999948477,31606.0,49963.0,50,1000,50
44860,171,0.007961875999171752,31606.0,49964.0,50,1000,50
44861,172,0.008010826999452547,31647.0,49966.0,50,1000,50
44862,173,0.008062123999479809,31647.0,49967.0,50,1000,50
44863,174,0.008123548999719787,31647.0,49968.0,50,1000,50
44864,175,0.008177790999980061,31647.0,49969.0,50,1000,50
44865,176,0.00823006899918255,31647.0,49970.0,50,1000,50
44866,177,0.008283548999315826,31774.0,49972.0,50,1000,50
44867,178,0.008334534999448806,31896.0,49974.0,50,1000,50
44868,179,0.008388034999370575,32008.0,49976.0,50,1000,50
44869,180,0.008451683999737725,32008.0,49977.0,50,1000,50
44870,181,0.008504863999405643,32008.0,49978.0,50,1000,50
44871,182,0.008559666999644833,32008.0,49979.0,50,1000,50
44872,183,0.008612144999460725,32008.0,49980.0,50,1000,50
44873,184,0.008672337999996671,32008.0,49981.0,50,1000,50
44874,185,0.008726239999305108,32008.0,49982.0,50,1000,50
44875,186,0.008778607999374799,32118.0,49984.0,50,1000,50
44876,187,0.008831666999867593,32227.0,49986.0,50,1000,50
44877,188,0.008883764999154664,32227.0,49987.0,50,1000,50
44878,189,0.008939018999626569,32259.0,49989.0,50,1000,50
44879,190,0.008997227999316237,32423.0,49991.0,50,1000,50
44880,191,0.009051839999301592,32423.0,49992.0,50,1000,50
44881,192,0.009105159999307944,32571.0,49994.0,50,1000,50
44882,193,0.009158179999758431,32762.0,49996.0,50,1000,50
44883,194,0.009210057000018423,32762.0,49997.0,50,1000,50
44884,195,0.00926774499930616,32955.0,49999.0,50,1000,50
44885,196,0.00932194699998945,32955.0,50000.0,50,1000,50
44886,197,0.009376809999594116,32955.0,50001.0,50,1000,50
44887,198,0.009433926999918185,32955.0,50002.0,50,1000,50
44888,199,0.00948968199918454,32955.0,50003.0,50,1000,50
44889,200,0.009547579999889422,32955.0,50004.0,50,1000,50
44890,201,0.009607361999769637,32980.0,50006.0,50,1000,50
44891,202,0.00966911799969239,33102.0,50008.0,50,1000,50
44892,203,0.009728208999149501,33102.0,50009.0,50,1000,50
44893,204,0.009787710999262345,33149.0,50011.0,50,1000,50
44894,205,0.009846210999967298,33149.0,50012.0,50,1000,50
44895,206,0.009904499999720429,33154.0,50014.0,50,1000,50
44896,207,0.009962758999790822,33154.0,50015.0,50,1000,50
44897,208,0.010021559999586316,33154.0,50016.0,50,1000,50
44898,209,0.010080339999149146,33154.0,50017.0,50,1000,50
44899,210,0.010137897999811685,33331.0,50019.0,50,1000,50
44900,211,0.01019547599935322,33331.0,50020.0,50,1000,50
44901,212,0.010254576999614073,33403.0,50022.0,50,1000,50
44902,213,0.010322152999833634,33574.0,50024.0,50,1000,50
44903,214,0.010381814999163907,33574.0,50025.0,50,1000,50
44904,215,0.010439543999382295,33574.0,50026.0,50,1000,50
44905,216,0.010497451999981422,33655.0,50028.0,50,1000,50
44906,217,0.010558285999650252,33655.0,50029.0,50,1000,50
44907,218,0.010619300999678671,33780.0,50031.0,50,1000,50
44908,219,0.010684763999961433,33972.0,50033.0,50,1000,50
44909,220,0.01074450599935517,33972.0,50034.0,50,1000,50
44910,221,0.010815448999892396,33972.0,50035.0,50,1000,50
44911,222,0.010880500999519427,34008.0,50037.0,50,1000,50
44912,223,0.010953026999231952,34008.0,50038.0,50,1000,50
44913,224,0.011021414999959234,34008.0,50039.0,50,1000,50
44914,225,0.011086246999184368,34008.0,50040.0,50,1000,50
44915,226,0.011149695999847609,34068.0,50042.0,50,1000,50
44916,227,0.01121668099949602,34068.0,50043.0,50,1000,50
44917,228,0.011280079999778536,34068.0,50044.0,50,1000,50
44918,229,0.011347816999659699,34068.0,50045.0,50,1000,50
44919,230,0.011410774999603746,34068.0,50046.0,50,1000,50
44920,231,0.011477309999463614,34249.0,50048.0,50,1000,50
44921,232,0.011542842999915592,34249.0,50049.0,50,1000,50
44922,233,0.011612693999268231,34327.0,50051.0,50,1000,50
44923,234,0.011679108999487653,34327.0,50052.0,50,1000,50
44924,235,0.011746374999347609,34327.0,50053.0,50,1000,50
44925,236,0.011812718999863137,34455.0,50055.0,50,1000,50
44926,237,0.011878522999722918,34530.0,50057.0,50,1000,50
44927,238,0.011944325999138528,34530.0,50058.0,50,1000,50
44928,239,0.012009838999802014,34530.0,50059.0,50,1000,50
44929,240,0.012076092999450339,34530.0,50060.0,50,1000,50
44930,241,0.012144170999818016,34530.0,50061.0,50,1000,50
44931,242,0.012212168999212736,34530.0,50062.0,50,1000,50
44932,243,0.012278963999960979,34570.0,50064.0,50,1000,50
44933,244,0.012344556999778433,34570.0,50065.0,50,1000,50
44934,245,0.01240932799919392,34570.0,50066.0,50,1000,50
44935,246,0.012476604999392293,34570.0,50067.0,50,1000,50
44936,247,0.012544782999611925,34570.0,50068.0,50,1000,50
44937,248,0.012611216999175667,34737.0,50070.0,50,1000,50
44938,249,0.012682079999649432,34737.0,50071.0,50,1000,50
44939,250,0.012751730999298161,34784.0,50073.0,50,1000,50
44940,251,0.012823324999772012,34784.0,50074.0,50,1000,50
44941,252,0.01289162299963209,34784.0,50075.0,50,1000,50
44942,253,0.012963268000021344,34784.0,50076.0,50,1000,50
44943,254,0.013036203999945428,34784.0,50077.0,50,1000,50
44944,255,0.01310598499912885,34900.0,50079.0,50,1000,50
44945,256,0.013176026999644819,34900.0,50080.0,50,1000,50
44946,257,0.013246137999885832,34900.0,50081.0,50,1000,50
44947,258,0.013317422000000079,34926.0,50083.0,50,1000,50
44948,259,0.013390778999564645,34926.0,50084.0,50,1000,50
44949,260,0.013469857999552914,34926.0,50085.0,50,1000,50
44950,261,0.013541571999667212,34965.0,50087.0,50,1000,50
44951,262,0.01361402799921052,34965.0,50088.0,50,1000,50
44952,263,0.013691442999515857,34965.0,50089.0,50,1000,50
44953,264,0.013761955999143538,34991.0,50091.0,50,1000,50
44954,265,0.013832627999363467,34991.0,50092.0,50,1000,50
44955,266,0.013903000000027532,35100.0,50094.0,50,1000,50
44956,267,0.013975325999126653,35240.0,50096.0,50,1000,50
44957,268,0.01404964499943162,35240.0,50097.0,50,1000,50
44958,269,0.01412129999971512,35240.0,50098.0,50,1000,50
44959,270,0.014193023999723664,35240.0,50099.0,50,1000,50
44960,271,0.014271540999288845,35240.0,50100.0,50,1000,50
44961,272,0.01434335599969927,35240.0,50101.0,50,1000,50
44962,273,0.014410000999305339,35240.0,50102.0,50,1000,50
44963,274,0.01447766799992678,35240.0,50103.0,50,1000,50
44964,275,0.014549782999893068,35240.0,50104.0,50,1000,50
44965,276,0.014624002999880759,35418.0,50106.0,50,1000,50
44966,277,0.01470798999980616,35418.0,50107.0,50,1000,50
44967,278,0.014783982999688305,35527.0,50109.0,50,1000,50
44968,279,0.014860837000014726,35527.0,50110.0,50,1000,50
44969,280,0.014937510999516235,35527.0,50111.0,50,1000,50
44970,281,0.015014334999250423,35527.0,50112.0,50,1000,50
44971,282,0.015089184999851568,35527.0,50113.0,50,1000,50
44972,283,0.015165367999543378,35721.0,50115.0,50,1000,50
44973,284,0.015238584999679006,35765.0,50117.0,50,1000,50
44974,285,0.015311301999645366,35851.0,50119.0,50,1000,50
44975,286,0.015383207000013499,36004.0,50121.0,50,1000,50
44976,287,0.015457074999176257,36004.0,50122.0,50,1000,50
44977,288,0.015529670999967493,36004.0,50123.0,50,1000,50
44978,289,0.015603429999828222,36004.0,50124.0,50,1000,50
44979,290,0.015682036999351112,36004.0,50125.0,50,1000,50
44980,291,0.015755624999655993,36004.0,50126.0,50,1000,50
44981,292,0.01582872199924168,36004.0,50127.0,50,1000,50
44982,293,0.015902520999588887,36004.0,50128.0,50,1000,50
44983,294,0.01597640899944963,36004.0,50129.0,50,1000,50
44984,295,0.01605086899962771,36192.0,50131.0,50,1000,50
44985,296,0.01612540899986925,36192.0,50132.0,50,1000,50
44986,297,0.016202112999962992,36214.0,50134.0,50,1000,50
44987,298,0.016278254999633646,36214.0,50135.0,50,1000,50
44988,299,0.016353145999346452,36348.0,50137.0,50,1000,50
44989,300,0.01642876799996884,36348.0,50138.0,50,1000,50
44990,301,0.016504559999702906,36348.0,50139.0,50,1000,50
44991,302,0.01658088299973315,36496.0,50141.0,50,1000,50
44992,303,0.016657937999298156,36584.0,50143.0,50,1000,50
44993,304,0.016740942999604158,36584.0,50144.0,50,1000,50
44994,305,0.016819139999824984,36584.0,50145.0,50,1000,50
44995,306,0.01689879899913649,36584.0,50146.0,50,1000,50
44996,307,0.016978748999463278,36584.0,50147.0,50,1000,50
44997,308,0.01705856899934588,36584.0,50148.0,50,1000,50
44998,309,0.017140842999651795,36584.0,50149.0,50,1000,50
44999,310,0.01722169499953452,36701.0,50151.0,50,1000,50
45000,311,0.017301464999945892,36701.0,50152.0,50,1000,50
45001,312,0.017382676999659452,36701.0,50153.0,50,1000,50
45002,313,0.01746375899983832,36776.0,50155.0,50,1000,50
45003,314,0.01754523199997493,36776.0,50156.0,50,1000,50
45004,315,0.01763011099956202,36776.0,50157.0,50,1000,50
45005,316,0.01771184499921219,36776.0,50158.0,50,1000,50
45006,317,0.017793598000025668,36776.0,50159.0,50,1000,50
45007,318,0.017874960999506584,36776.0,50160.0,50,1000,50
45008,319,0.01795760599998175,36776.0,50161.0,50,1000,50
45009,320,0.01803913899948384,36776.0,50162.0,50,1000,50
45010,321,0.01812211399919761,36776.0,50163.0,50,1000,50
45011,322,0.018204237999270845,36776.0,50164.0,50,1000,50
45012,323,0.01828916799968283,36776.0,50165.0,50,1000,50
45013,324,0.018372954999904323,36776.0,50166.0,50,1000,50
45014,325,0.018457031999787432,36776.0,50167.0,50,1000,50
45015,326,0.01854110999920522,36776.0,50168.0,50,1000,50
45016,327,0.01862446699942666,36937.0,50170.0,50,1000,50
45017,328,0.018713412999204593,36937.0,50171.0,50,1000,50
45018,329,0.01879949499925715,36937.0,50172.0,50,1000,50
45019,330,0.018881768999563064,36937.0,50173.0,50,1000,50
45020,331,0.01896513599967875,36937.0,50174.0,50,1000,50
45021,332,0.019048521999138757,36937.0,50175.0,50,1000,50
45022,333,0.01913247999982559,36937.0,50176.0,50,1000,50
45023,334,0.019216456999856746,36937.0,50177.0,50,1000,50
45024,335,0.019300614999337995,36937.0,50178.0,50,1000,50
45025,336,0.01938464299928455,36937.0,50179.0,50,1000,50
45026,337,0.01946805899933679,36937.0,50180.0,50,1000,50
45027,338,0.019551685999431356,36937.0,50181.0,50,1000,50
45028,339,0.01963569399958942,36937.0,50182.0,50,1000,50
45029,340,0.01972737599953689,36937.0,50183.0,50,1000,50
45030,341,0.019814318999124225,36980.0,50185.0,50,1000,50
45031,342,0.01990151199970569,36980.0,50186.0,50,1000,50
45032,343,0.01998809499946219,36980.0,50187.0,50,1000,50
45033,344,0.02007595999930345,36980.0,50188.0,50,1000,50
45034,345,0.020163954999588896,36980.0,50189.0,50,1000,50
45035,346,0.020252159999472497,36980.0,50190.0,50,1000,50
45036,347,0.020339513999715564,36980.0,50191.0,50,1000,50
45037,348,0.020428240000001097,36980.0,50192.0,50,1000,50
45038,349,0.02051735799977905,36980.0,50193.0,50,1000,50
45039,350,0.020605562999662652,36980.0,50194.0,50,1000,50
45040,351,0.020693878999736626,36980.0,50195.0,50,1000,50
45041,352,0.020783326999662677,36980.0,50196.0,50,1000,50
45042,353,0.02087392599969462,36980.0,50197.0,50,1000,50
45043,354,0.020966629999747965,36980.0,50198.0,50,1000,50
45044,355,0.021057690999441547,36980.0,50199.0,50,1000,50
45045,356,0.021148450999135093,36980.0,50200.0,50,1000,50
45046,357,0.02123892099916702,36980.0,50201.0,50,1000,50
45047,358,0.021329590999812353,36980.0,50202.0,50,1000,50
45048,359,0.02142066199940018,36980.0,50203.0,50,1000,50
45049,360,0.021513226000024588,36980.0,50204.0,50,1000,50
45050,361,0.021604967999337532,36980.0,50205.0,50,1000,50
45051,362,0.021700245999454637,36980.0,50206.0,50,1000,50
45052,363,0.02178986499984603,36980.0,50207.0,50,1000,50
45053,364,0.021879301999433665,36980.0,50208.0,50,1000,50
45054,365,0.021970172999317583,36980.0,50209.0,50,1000,50
45055,366,0.022060110999518656,36980.0,50210.0,50,1000,50
45056,367,0.022151281999867933,36980.0,50211.0,50,1000,50
45057,368,0.022242783999899984,36980.0,50212.0,50,1000,50
45058,369,0.022334445999149466,36980.0,50213.0,50,1000,50
45059,370,0.022426207999160397,36980.0,50214.0,50,1000,50
45060,371,0.022518330999446334,36980.0,50215.0,50,1000,50
45061,372,0.02261057399937272,36980.0,50216.0,50,1000,50
45062,373,0.022708907999913208,36980.0,50217.0,50,1000,50
45063,374,0.022803605999797583,36980.0,50218.0,50,1000,50
45064,375,0.022898303999681957,36980.0,50219.0,50,1000,50
45065,376,0.022993531999418337,36980.0,50220.0,50,1000,50
45066,377,0.02308902099957777,36980.0,50221.0,50,1000,50
45067,378,0.023184880999906454,36980.0,50222.0,50,1000,50
45068,379,0.02328081099949486,36980.0,50223.0,50,1000,50
45069,380,0.023376900999210193,36980.0,50224.0,50,1000,50
45070,381,0.023474183999496745,36980.0,50225.0,50,1000,50
45071,382,0.023570284000015818,36980.0,50226.0,50,1000,50
45072,383,0.023666614999456215,36980.0,50227.0,50,1000,50
45073,384,0.023764167999615893,36980.0,50228.0,50,1000,50
45074,385,0.023910692999379535,36980.0,50229.0,50,1000,50
45075,386,0.024010839999391465,36980.0,50230.0,50,1000,50
45076,387,0.024108392999551143,36980.0,50231.0,50,1000,50
45077,388,0.024206607999985863,36980.0,50232.0,50,1000,50
45078,389,0.02430912999989232,36980.0,50233.0,50,1000,50
45079,390,0.024408325999502267,36980.0,50234.0,50,1000,50
45080,391,0.024506349999683152,36980.0,50235.0,50,1000,50
45081,392,0.024606627999673947,36980.0,50236.0,50,1000,50
45082,393,0.024707476999537903,36980.0,50237.0,50,1000,50
45083,394,0.024807003999740118,36980.0,50238.0,50,1000,50
45084,395,0.024906830999498197,36980.0,50239.0,50,1000,50
45085,396,0.02500664799936203,36980.0,50240.0,50,1000,50
45086,397,0.0251065459997335,36980.0,50241.0,50,1000,50
45087,398,0.025206993999745464,36980.0,50242.0,50,1000,50
45088,399,0.025307312999757414,36980.0,50243.0,50,1000,50
45089,400,0.025408692999917548,36980.0,50244.0,50,1000,50
45090,401,0.02551220699933765,36980.0,50245.0,50,1000,50
45091,402,0.025613496999540075,36980.0,50246.0,50,1000,50
45092,403,0.025713984999129025,36980.0,50247.0,50,1000,50
45093,404,0.025814733999141026,36980.0,50248.0,50,1000,50
45094,405,0.025915863999216526,36980.0,50249.0,50,1000,50
45095,406,0.026018205999207566,36980.0,50250.0,50,1000,50
45096,407,0.026120417999663914,36980.0,50251.0,50,1000,50
45097,408,0.026222999999845342,36980.0,50252.0,50,1000,50
45098,409,0.026325672999519156,36980.0,50253.0,50,1000,50
45099,410,0.02642832599940448,36980.0,50254.0,50,1000,50
45100,411,0.02653060699958587,36980.0,50255.0,50,1000,50
45101,412,0.026634211999407853,36980.0,50256.0,50,1000,50
45102,413,0.026738096999906702,36980.0,50257.0,50,1000,50
45103,414,0.026842311999644153,36980.0,50258.0,50,1000,50
45104,415,0.02694618699933926,36980.0,50259.0,50,1000,50
45105,416,0.027050111999415094,36980.0,50260.0,50,1000,50
45106,417,0.027154657999744813,36980.0,50261.0,50,1000,50
45107,418,0.027259333999609225,36980.0,50262.0,50,1000,50
45108,419,0.027364130999558256,36980.0,50263.0,50,1000,50
45109,420,0.027464378999866312,36980.0,50264.0,50,1000,50
45110,421,0.027567161999286327,36980.0,50265.0,50,1000,50
45111,422,0.02768033399934211,36980.0,50266.0,50,1000,50
45112,423,0.027795449999757693,36980.0,50267.0,50,1000,50
45113,424,0.027908651999496215,36980.0,50268.0,50,1000,50
45114,425,0.028019780999784416,36980.0,50269.0,50,1000,50
45115,426,0.02813046899973415,36980.0,50270.0,50,1000,50
45116,427,0.02824178699938784,36980.0,50271.0,50,1000,50
45117,428,0.028351853999993182,36980.0,50272.0,50,1000,50
45118,429,0.02846248099922377,36980.0,50273.0,50,1000,50
45119,430,0.028573258999131212,36980.0,50274.0,50,1000,50
45120,431,0.02868324499922892,36980.0,50275.0,50,1000,50
45121,432,0.028797278999263654,36980.0,50276.0,50,1000,50
45122,433,0.02890574299999571,36980.0,50277.0,50,1000,50
45123,434,0.02900824499920418,36980.0,50278.0,50,1000,50
45124,435,0.02911787099947105,36980.0,50279.0,50,1000,50
45125,436,0.029236101999231323,37086.0,50281.0,50,1000,50
45126,437,0.029348963999836997,37086.0,50282.0,50,1000,50
45127,438,0.029461043999617686,37086.0,50283.0,50,1000,50
45128,439,0.029567403999863018,37086.0,50284.0,50,1000,50
45129,440,0.029663082999832113,37086.0,50285.0,50,1000,50
45130,441,0.02976548499918863,37086.0,50286.0,50,1000,50
45131,442,0.029879809999329154,37086.0,50287.0,50,1000,50
45132,443,0.029989495999870996,37086.0,50288.0,50,1000,50
45133,444,0.030103128999144246,37086.0,50289.0,50,1000,50
45134,445,0.030224405999433657,37086.0,50290.0,50,1000,50
45135,446,0.030345973999828857,37086.0,50291.0,50,1000,50
45136,447,0.030459416999292444,37086.0,50292.0,50,1000,50
45137,448,0.030579020999539352,37086.0,50293.0,50,1000,50
45138,449,0.03072539599997981,37086.0,50294.0,50,1000,50
45139,450,0.03085719299997436,37086.0,50295.0,50,1000,50
45140,451,0.030992175999926985,37086.0,50296.0,50,1000,50
45141,452,0.031128210999668227,37086.0,50297.0,50,1000,50
45142,453,0.03126251300000149,37086.0,50298.0,50,1000,50
45143,454,0.031392556999890076,37086.0,50299.0,50,1000,50
45144,455,0.031522039999799745,37086.0,50300.0,50,1000,50
45145,456,0.03165557099964644,37086.0,50301.0,50,1000,50
45146,457,0.03179545299917663,37086.0,50302.0,50,1000,50
45147,458,0.0319321189999755,37086.0,50303.0,50,1000,50
45148,459,0.03206908599986491,37086.0,50304.0,50,1000,50
45149,460,0.03220531199985999,37086.0,50305.0,50,1000,50
45150,461,0.032339512999897124,37086.0,50306.0,50,1000,50
45151,462,0.03247510799974407,37086.0,50307.0,50,1000,50
45152,463,0.032614819999253086,37086.0,50308.0,50,1000,50
45153,464,0.03275779799969314,37086.0,50309.0,50,1000,50
45154,465,0.03289359299924399,37086.0,50310.0,50,1000,50
45155,466,0.03303198199955659,37086.0,50311.0,50,1000,50
45156,467,0.033168337999995856,37086.0,50312.0,50,1000,50
45157,468,0.033303631999842764,37086.0,50313.0,50,1000,50
45158,469,0.033440007999161026,37086.0,50314.0,50,1000,50
45159,470,0.03358064099938929,37086.0,50315.0,50,1000,50
45160,471,0.03372370999932173,37086.0,50316.0,50,1000,50
45161,472,0.033864032999190385,37086.0,50317.0,50,1000,50
45162,473,0.03399926699967182,37086.0,50318.0,50,1000,50
45163,474,0.03413770599945565,37086.0,50319.0,50,1000,50
45164,475,0.034282868999980565,37086.0,50320.0,50,1000,50
45165,476,0.03442490499946871,37086.0,50321.0,50,1000,50
45166,477,0.03456518799976038,37086.0,50322.0,50,1000,50
45167,478,0.03470731499965041,37086.0,50323.0,50,1000,50
45168,479,0.034848629999942204,37086.0,50324.0,50,1000,50
45169,480,0.034993912999198074,37086.0,50325.0,50,1000,50
45170,481,0.03513669999938429,37086.0,50326.0,50,1000,50
45171,482,0.03528305499912676,37086.0,50327.0,50,1000,50
45172,483,0.035421955999481725,37086.0,50328.0,50,1000,50
45173,484,0.03556243899947731,37086.0,50329.0,50,1000,50
45174,485,0.03570271199987474,37086.0,50330.0,50,1000,50
45175,486,0.03584510899963789,37086.0,50331.0,50,1000,50
45176,487,0.03598107399920991,37086.0,50332.0,50,1000,50
45177,488,0.03612356199937494,37086.0,50333.0,50,1000,50
45178,489,0.03626129999975092,37086.0,50334.0,50,1000,50
45179,490,0.03640242499932356,37086.0,50335.0,50,1000,50
45180,491,0.03654988199923537,37086.0,50336.0,50,1000,50
45181,492,0.03669442299997172,37086.0,50337.0,50,1000,50
45182,493,0.03684026599967183,37086.0,50338.0,50,1000,50
45183,494,0.03698265299954073,37086.0,50339.0,50,1000,50
45184,495,0.03712887799974851,37086.0,50340.0,50,1000,50
45185,496,0.03727666499980842,37086.0,50341.0,50,1000,50
45186,497,0.037426996999784024,37086.0,50342.0,50,1000,50
45187,498,0.037577739999505866,37086.0,50343.0,50,1000,50
45188,499,0.03773047599952406,37086.0,50344.0,50,1000,50
45189,500,0.03787248299977364,37086.0,50345.0,50,1000,50
45190,501,0.0380138779992194,37086.0,50346.0,50,1000,50
45191,502,0.03815699599999789,37086.0,50347.0,50,1000,50
45192,503,0.038302198999190296,37086.0,50348.0,50,1000,50
45193,504,0.03844532699986303,37086.0,50349.0,50,1000,50
45194,505,0.03858831499928783,37086.0,50350.0,50,1000,50
45195,506,0.038735310999982175,37086.0,50351.0,50,1000,50
45196,507,0.038883428999724856,37086.0,50352.0,50,1000,50
45197,508,0.039029963999382744,37086.0,50353.0,50,1000,50
45198,509,0.039177590999315726,37086.0,50354.0,50,1000,50
45199,510,0.03933050699924934,37086.0,50355.0,50,1000,50
45200,511,0.039481319999140396,37086.0,50356.0,50,1000,50
45201,512,0.039631421999729355,37086.0,50357.0,50,1000,50
45202,513,0.03978149299928191,37086.0,50358.0,50,1000,50
45203,514,0.039928127999701246,37086.0,50359.0,50,1000,50
45204,515,0.04007386199918983,37086.0,50360.0,50,1000,50
45205,516,0.040219524999884015,37086.0,50361.0,50,1000,50
45206,517,0.04036630999962654,37086.0,50362.0,50,1000,50
45207,518,0.0405138669993903,37086.0,50363.0,50,1000,50
45208,519,0.040668526999979804,37086.0,50364.0,50,1000,50
45209,520,0.0408276959997238,37086.0,50365.0,50,1000,50
45210,521,0.04098775599959481,37086.0,50366.0,50,1000,50
45211,522,0.041137746999993396,37086.0,50367.0,50,1000,50
45212,523,0.041291675999673316,37086.0,50368.0,50,1000,50
45213,524,0.041444712999691546,37086.0,50369.0,50,1000,50
45214,525,0.041596717999709654,37086.0,50370.0,50,1000,50
45215,526,0.041749714999241405,37086.0,50371.0,50,1000,50
45216,527,0.04190334399936546,37086.0,50372.0,50,1000,50
45217,528,0.04203843699997378,37086.0,50373.0,50,1000,50
45218,529,0.04216437299965037,37086.0,50374.0,50,1000,50
45219,530,0.04228680300002452,37086.0,50375.0,50,1000,50
45220,531,0.04240867199951026,37086.0,50376.0,50,1000,50
45221,532,0.042526151999481954,37086.0,50377.0,50,1000,50
45222,533,0.04267378899930918,37086.0,50378.0,50,1000,50
45223,534,0.04283379899970896,37086.0,50379.0,50,1000,50
45224,535,0.04299796699979197,37086.0,50380.0,50,1000,50
45225,536,0.043159880999155575,37086.0,50381.0,50,1000,50
45226,537,0.04332762499961973,37086.0,50382.0,50,1000,50
45227,538,0.043500379999386496,37086.0,50383.0,50,1000,50
45228,539,0.043665819999660016,37086.0,50384.0,50,1000,50
45229,540,0.043828825999298715,37086.0,50385.0,50,1000,50
45230,541,0.04399257299974124,37086.0,50386.0,50,1000,50
45231,542,0.0441605879996132,37086.0,50387.0,50,1000,50
45232,543,0.04432981599984487,37086.0,50388.0,50,1000,50
45233,544,0.044497279999632156,37086.0,50389.0,50,1000,50
45234,545,0.04466624699944077,37086.0,50390.0,50,1000,50
45235,546,0.04483417199935502,37086.0,50391.0,50,1000,50
45236,547,0.0449999630000093,37086.0,50392.0,50,1000,50
45237,548,0.045165042000007816,37086.0,50393.0,50,1000,50
45238,549,0.04532503199970961,37086.0,50394.0,50,1000,50
45239,550,0.045494349999898986,37086.0,50395.0,50,1000,50
45240,551,0.04566872699979285,37086.0,50396.0,50,1000,50
45241,552,0.04584581899962359,37086.0,50397.0,50,1000,50
45242,553,0.046020476999729,37086.0,50398.0,50,1000,50
45243,554,0.04619838999951753,37086.0,50399.0,50,1000,50
45244,555,0.04636915099945327,37086.0,50400.0,50,1000,50
45245,556,0.04655000000002474,37086.0,50401.0,50,1000,50
45246,557,0.046717754999917815,37086.0,50402.0,50,1000,50
45247,558,0.04688248399997974,37086.0,50403.0,50,1000,50
45248,559,0.04704470799970295,37086.0,50404.0,50,1000,50
45249,560,0.04720774399993388,37086.0,50405.0,50,1000,50
45250,561,0.04737417599972105,37086.0,50406.0,50,1000,50
45251,562,0.047541298999931314,37086.0,50407.0,50,1000,50
45252,563,0.04772086599950853,37086.0,50408.0,50,1000,50
45253,564,0.0478868579994014,37086.0,50409.0,50,1000,50
45254,565,0.04805714699978125,37086.0,50410.0,50,1000,50
45255,566,0.04822326899920881,37086.0,50411.0,50,1000,50
45256,567,0.04839681399971596,37086.0,50412.0,50,1000,50
45257,568,0.04856866599948262,37086.0,50413.0,50,1000,50
45258,569,0.048747381999419304,37086.0,50414.0,50,1000,50
45259,570,0.048924633999376965,37086.0,50415.0,50,1000,50
45260,571,0.04911340799935715,37086.0,50416.0,50,1000,50
45261,572,0.04929208299927268,37086.0,50417.0,50,1000,50
45262,573,0.04946784299954743,37086.0,50418.0,50,1000,50
45263,574,0.04964114799986419,37086.0,50419.0,50,1000,50
45264,575,0.04982726699927298,37086.0,50420.0,50,1000,50
45265,576,0.05000827699950605,37086.0,50421.0,50,1000,50
45266,577,0.0502083119999952,37086.0,50422.0,50,1000,50
45267,578,0.0504118839999137,37086.0,50423.0,50,1000,50
45268,579,0.05061219899926073,37086.0,50424.0,50,1000,50
45269,580,0.050785243999598606,37086.0,50425.0,50,1000,50
45270,581,0.05095622499993624,37086.0,50426.0,50,1000,50
45271,582,0.051111325999954715,37086.0,50427.0,50,1000,50
45272,583,0.051270393999402586,37086.0,50428.0,50,1000,50
45273,584,0.051426987999548146,37086.0,50429.0,50,1000,50
45274,585,0.05158769899935578,37086.0,50430.0,50,1000,50
45275,586,0.05173880299935263,37086.0,50431.0,50,1000,50
45276,587,0.05189389399947686,37086.0,50432.0,50,1000,50
45277,588,0.052032373999281845,37086.0,50433.0,50,1000,50
45278,589,0.052181693999955314,37086.0,50434.0,50,1000,50
45279,590,0.05233867799961445,37086.0,50435.0,50,1000,50
45280,591,0.05249090399956913,37086.0,50436.0,50,1000,50
45281,592,0.05264168699977745,37086.0,50437.0,50,1000,50
45282,593,0.052789243000006536,37086.0,50438.0,50,1000,50
45283,594,0.05294185999991896,37086.0,50439.0,50,1000,50
45284,595,0.053102620999197825,37086.0,50440.0,50,1000,50
45285,596,0.05326599799991527,37086.0,50441.0,50,1000,50
45286,597,0.05342010699951061,37086.0,50442.0,50,1000,50
45287,598,0.053586708999318944,37086.0,50443.0,50,1000,50
45288,599,0.05374745099925349,37086.0,50444.0,50,1000,50
45289,600,0.05391183899973839,37086.0,50445.0,50,1000,50
45290,601,0.054064024999206595,37086.0,50446.0,50,1000,50
45291,602,0.05424505499922816,37086.0,50447.0,50,1000,50
45292,603,0.05441925099967193,37086.0,50448.0,50,1000,50
45293,604,0.05459262599924841,37086.0,50449.0,50,1000,50
45294,605,0.05475697499969101,37086.0,50450.0,50,1000,50
45295,606,0.05493128199941566,37086.0,50451.0,50,1000,50
45296,607,0.05509172299935017,37086.0,50452.0,50,1000,50
45297,608,0.05525304499951744,37086.0,50453.0,50,1000,50
45298,609,0.05542067999977007,37086.0,50454.0,50,1000,50
45299,610,0.05558329499945103,37086.0,50455.0,50,1000,50
45300,611,0.0557411609997871,37086.0,50456.0,50,1000,50
45301,612,0.05591713099966,37086.0,50457.0,50,1000,50
45302,613,0.05608066799959488,37086.0,50458.0,50,1000,50
45303,614,0.056247009999424336,37086.0,50459.0,50,1000,50
45304,615,0.05642280899974139,37086.0,50460.0,50,1000,50
45305,616,0.05659837899929698,37086.0,50461.0,50,1000,50
45306,617,0.05676126399976056,37086.0,50462.0,50,1000,50
45307,618,0.05692843799988623,37086.0,50463.0,50,1000,50
45308,619,0.057096712999737065,37086.0,50464.0,50,1000,50
45309,620,0.057258245999946666,37086.0,50465.0,50,1000,50
45310,621,0.057419748999564035,37086.0,50466.0,50,1000,50
45311,622,0.05759814399971219,37086.0,50467.0,50,1000,50
45312,623,0.05777472499994474,37086.0,50468.0,50,1000,50
45313,624,0.057923022999602836,37086.0,50469.0,50,1000,50
45314,625,0.05809330299962312,37086.0,50470.0,50,1000,50
45315,626,0.0582561879991772,37086.0,50471.0,50,1000,50
45316,627,0.05842079699959868,37086.0,50472.0,50,1000,50
45317,628,0.05858175899993512,37086.0,50473.0,50,1000,50
45318,629,0.058754833999955736,37086.0,50474.0,50,1000,50
45319,630,0.058926074999362754,37086.0,50475.0,50,1000,50
45320,631,0.059093909999319294,37086.0,50476.0,50,1000,50
45321,632,0.05926589299997431,37086.0,50477.0,50,1000,50
45322,633,0.059438566999233444,37086.0,50478.0,50,1000,50
45323,634,0.05960223399961251,37086.0,50479.0,50,1000,50
45324,635,0.059771861999251996,37086.0,50480.0,50,1000,50
45325,636,0.059950285999548214,37086.0,50481.0,50,1000,50
45326,637,0.06013756799984549,37086.0,50482.0,50,1000,50
45327,638,0.060318697999719006,37086.0,50483.0,50,1000,50
45328,639,0.06048765499963338,37086.0,50484.0,50,1000,50
45329,640,0.06065423699965322,37086.0,50485.0,50,1000,50
45330,641,0.06082406599944079,37086.0,50486.0,50,1000,50
45331,642,0.06099453499973606,37086.0,50487.0,50,1000,50
45332,643,0.061167930999545206,37086.0,50488.0,50,1000,50
45333,644,0.06134199699954479,37086.0,50489.0,50,1000,50
45334,645,0.06150052499924641,37086.0,50490.0,50,1000,50
45335,646,0.061678117999690585,37086.0,50491.0,50,1000,50
45336,647,0.06184915799985902,37086.0,50492.0,50,1000,50
45337,648,0.062038202999247005,37086.0,50493.0,50,1000,50
45338,649,0.0622077009993518,37086.0,50494.0,50,1000,50
45339,650,0.06238776899954246,37086.0,50495.0,50,1000,50
45340,651,0.06256726499941578,37086.0,50496.0,50,1000,50
45341,652,0.06275039899992407,37086.0,50497.0,50,1000,50
45342,653,0.06292944500000885,37086.0,50498.0,50,1000,50
45343,654,0.06309333199988032,37086.0,50499.0,50,1000,50
45344,655,0.06326476399954117,37086.0,50500.0,50,1000,50
45345,656,0.06345022200002859,37086.0,50501.0,50,1000,50
45346,657,0.06363897599931079,37086.0,50502.0,50,1000,50
45347,658,0.06383280899990496,37086.0,50503.0,50,1000,50
45348,659,0.06400353899971378,37086.0,50504.0,50,1000,50
45349,660,0.06418610199943942,37086.0,50505.0,50,1000,50
45350,661,0.06436938599927089,37086.0,50506.0,50,1000,50
45351,662,0.06454892199963069,37086.0,50507.0,50,1000,50
45352,663,0.06473738599925127,37086.0,50508.0,50,1000,50
45353,664,0.06490784599918697,37086.0,50509.0,50,1000,50
45354,665,0.06508271399980003,37086.0,50510.0,50,1000,50
45355,666,0.06526096799916559,37086.0,50511.0,50,1000,50
45356,667,0.06546166399948561,37086.0,50512.0,50,1000,50
45357,668,0.06567557599919382,37086.0,50513.0,50,1000,50
45358,669,0.06588020999970468,37086.0,50514.0,50,1000,50
45359,670,0.06605737199970463,37086.0,50515.0,50,1000,50
45360,671,0.06624348099921917,37086.0,50516.0,50,1000,50
45361,672,0.06643052199979138,37086.0,50517.0,50,1000,50
45362,673,0.0666105089994744,37086.0,50518.0,50,1000,50
45363,674,0.06678505699983361,37086.0,50519.0,50,1000,50
45364,675,0.06695902299998124,37086.0,50520.0,50,1000,50
45365,676,0.06713575499998115,37086.0,50521.0,50,1000,50
45366,677,0.06730579399936687,37086.0,50522.0,50,1000,50
45367,678,0.0674910509997062,37086.0,50523.0,50,1000,50
45368,679,0.06769013499979337,37086.0,50524.0,50,1000,50
45369,680,0.06787213600000541,37086.0,50525.0,50,1000,50
45370,681,0.06805313499990007,37086.0,50526.0,50,1000,50
45371,682,0.06822750299943436,37086.0,50527.0,50,1000,50
45372,683,0.0684157759997106,37086.0,50528.0,50,1000,50
45373,684,0.0686035479993734,37086.0,50529.0,50,1000,50
45374,685,0.0687884449998819,37086.0,50530.0,50,1000,50
45375,686,0.06898322999950324,37086.0,50531.0,50,1000,50
45376,687,0.06919622999976127,37086.0,50532.0,50,1000,50
45377,688,0.06937459399978252,37086.0,50533.0,50,1000,50
45378,689,0.06955595499948686,37086.0,50534.0,50,1000,50
45379,690,0.0697327559992118,37086.0,50535.0,50,1000,50
45380,691,0.06989963899923168,37086.0,50536.0,50,1000,50
45381,692,0.0700670429996535,37086.0,50537.0,50,1000,50
45382,693,0.07023321499946178,37086.0,50538.0,50,1000,50
45383,694,0.07039451799937524,37086.0,50539.0,50,1000,50
45384,695,0.07054496999990079,37086.0,50540.0,50,1000,50
45385,696,0.07069633399987652,37086.0,50541.0,50,1000,50
45386,697,0.07085470099991653,37086.0,50542.0,50,1000,50
45387,698,0.07103393699981098,37086.0,50543.0,50,1000,50
45388,699,0.07120729199959897,37086.0,50544.0,50,1000,50
45389,700,0.07141485199917952,37086.0,50545.0,50,1000,50
45390,701,0.07159172399951785,37086.0,50546.0,50,1000,50
45391,702,0.07175311599985434,37086.0,50547.0,50,1000,50
45392,703,0.07191375799993693,37086.0,50548.0,50,1000,50
45393,704,0.07207130299957498,37086.0,50549.0,50,1000,50
45394,705,0.0722369239992986,37086.0,50550.0,50,1000,50
45395,706,0.07240469799944549,37086.0,50551.0,50,1000,50
45396,707,0.07256339599916828,37086.0,50552.0,50,1000,50
45397,708,0.07273023899961117,37086.0,50553.0,50,1000,50
45398,709,0.07291477499984467,37086.0,50554.0,50,1000,50
45399,710,0.07306989599965164,37086.0,50555.0,50,1000,50
45400,711,0.0732510359994194,37086.0,50556.0,50,1000,50
45401,712,0.07341227799952321,37086.0,50557.0,50,1000,50
45402,713,0.0735744829999021,37086.0,50558.0,50,1000,50
45403,714,0.07373551499949826,37086.0,50559.0,50,1000,50
45404,715,0.07389920199966582,37086.0,50560.0,50,1000,50
45405,716,0.07406423099928361,37086.0,50561.0,50,1000,50
45406,717,0.07427078899945627,37086.0,50562.0,50,1000,50
45407,718,0.0744423709993498,37086.0,50563.0,50,1000,50
45408,719,0.07460163899941108,37086.0,50564.0,50,1000,50
45409,720,0.07476082799985306,37086.0,50565.0,50,1000,50
45410,721,0.0749158089993216,37086.0,50566.0,50,1000,50
45411,722,0.0750767409999753,37086.0,50567.0,50,1000,50
45412,723,0.07523169099931692,37086.0,50568.0,50,1000,50
45413,724,0.0753946469994844,37086.0,50569.0,50,1000,50
45414,725,0.07558165799946437,37086.0,50570.0,50,1000,50
45415,726,0.07574360199942021,37086.0,50571.0,50,1000,50
45416,727,0.0759107750000112,37086.0,50572.0,50,1000,50
45417,728,0.07608304799941834,37086.0,50573.0,50,1000,50
45418,729,0.07627190299990616,37086.0,50574.0,50,1000,50
45419,730,0.07645917399986502,37086.0,50575.0,50,1000,50
45420,731,0.07662428399999044,37086.0,50576.0,50,1000,50
45421,732,0.07679184799962968,37086.0,50577.0,50,1000,50
45422,733,0.07701496699974086,37086.0,50578.0,50,1000,50
45423,734,0.07717587899969658,37086.0,50579.0,50,1000,50
45424,735,0.07735100699937902,37086.0,50580.0,50,1000,50
45425,736,0.07752605599944218,37086.0,50581.0,50,1000,50
45426,737,0.07769812799961073,37086.0,50582.0,50,1000,50
45427,738,0.07785874999990483,37086.0,50583.0,50,1000,50
45428,739,0.07801907999964897,37086.0,50584.0,50,1000,50
45429,740,0.07819023100000777,37086.0,50585.0,50,1000,50
45430,741,0.078386378999312,37086.0,50586.0,50,1000,50
45431,742,0.07856085599996732,37086.0,50587.0,50,1000,50
45432,743,0.07872178799971152,37086.0,50588.0,50,1000,50
45433,744,0.07888762899983703,37086.0,50589.0,50,1000,50
45434,745,0.07904802999928506,37086.0,50590.0,50,1000,50
45435,746,0.07920990399998118,37086.0,50591.0,50,1000,50
45436,747,0.07937390199913352,37086.0,50592.0,50,1000,50
45437,748,0.07953742799963948,37086.0,50593.0,50,1000,50
45438,749,0.0797631219993491,37086.0,50594.0,50,1000,50
45439,750,0.07994035399951827,37086.0,50595.0,50,1000,50
45440,751,0.080102517999876,37086.0,50596.0,50,1000,50
45441,752,0.0802685399994516,37086.0,50597.0,50,1000,50
45442,753,0.08043628399991576,37086.0,50598.0,50,1000,50
45443,754,0.08060085299985076,37086.0,50599.0,50,1000,50
45444,755,0.08076432999951066,37086.0,50600.0,50,1000,50
45445,756,0.08093886699953146,37086.0,50601.0,50,1000,50
45446,757,0.08115041399923939,37086.0,50602.0,50,1000,50
45447,758,0.08131568399949174,37086.0,50603.0,50,1000,50
45448,759,0.08148890899974504,37086.0,50604.0,50,1000,50
45449,760,0.08165564099999756,37086.0,50605.0,50,1000,50
45450,761,0.08537201299986918,37086.0,50606.0,50,1000,50
45451,762,0.0874517639995247,37086.0,50607.0,50,1000,50
45452,763,0.08764178099954734,37086.0,50608.0,50,1000,50
45453,764,0.08781586699933541,37086.0,50609.0,50,1000,50
45454,765,0.08799385099973733,37086.0,50610.0,50,1000,50
45455,766,0.08820889399976295,37086.0,50611.0,50,1000,50
45456,767,0.08837864299948706,37086.0,50612.0,50,1000,50
45457,768,0.08855508399938117,37086.0,50613.0,50,1000,50
45458,769,0.08872653499929584,37086.0,50614.0,50,1000,50
45459,770,0.08890237499963405,37086.0,50615.0,50,1000,50
45460,771,0.08908123099990917,37086.0,50616.0,50,1000,50
45461,772,0.08924973699959082,37086.0,50617.0,50,1000,50
45462,773,0.08945037299963587,37086.0,50618.0,50,1000,50
45463,774,0.08962192499984667,37086.0,50619.0,50,1000,50
45464,775,0.08980690199950914,37086.0,50620.0,50,1000,50
45465,776,0.0899875509994672,37086.0,50621.0,50,1000,50
45466,777,0.09016488299948833,37086.0,50622.0,50,1000,50
45467,778,0.09034329799942498,37086.0,50623.0,50,1000,50
45468,779,0.09055473399985203,37086.0,50624.0,50,1000,50
45469,780,0.09072616599951289,37086.0,50625.0,50,1000,50
45470,781,0.09091578199968353,37086.0,50626.0,50,1000,50
45471,782,0.0910933949999162,37086.0,50627.0,50,1000,50
45472,783,0.09126741099953506,37086.0,50628.0,50,1000,50
45473,784,0.09143951399983052,37086.0,50629.0,50,1000,50
45474,785,0.09163059299953602,37086.0,50630.0,50,1000,50
45475,786,0.09183531700000458,37086.0,50631.0,50,1000,50
45476,787,0.09201007399951777,37086.0,50632.0,50,1000,50
45477,788,0.09219694499915931,37086.0,50633.0,50,1000,50
45478,789,0.09237330599989946,37086.0,50634.0,50,1000,50
45479,790,0.09255783199932921,37086.0,50635.0,50,1000,50
45480,791,0.09274823899977491,37086.0,50636.0,50,1000,50
45481,792,0.092924739999944,37086.0,50637.0,50,1000,50
45482,793,0.09310043999994377,37086.0,50638.0,50,1000,50
45483,794,0.09327701099937258,37086.0,50639.0,50,1000,50
45484,795,0.09345378299985896,37086.0,50640.0,50,1000,50
45485,796,0.09362864099966828,37086.0,50641.0,50,1000,50
45486,797,0.09380508199956239,37086.0,50642.0,50,1000,50
45487,798,0.0939894879993517,37086.0,50643.0,50,1000,50
45488,799,0.09417357299935247,37086.0,50644.0,50,1000,50
45489,800,0.0943587909996495,37086.0,50645.0,50,1000,50
45490,801,0.09455038999931276,37086.0,50646.0,50,1000,50
45491,802,0.09476324899969768,37086.0,50647.0,50,1000,50
45492,803,0.09495049999986804,37086.0,50648.0,50,1000,50
45493,804,0.095130858999255,37086.0,50649.0,50,1000,50
45494,805,0.09530800099946646,37086.0,50650.0,50,1000,50
45495,806,0.09549204599989025,37086.0,50651.0,50,1000,50
45496,807,0.09567913699993369,37086.0,50652.0,50,1000,50
45497,808,0.09585438599970075,37086.0,50653.0,50,1000,50
45498,809,0.09607935799976985,37086.0,50654.0,50,1000,50
45499,810,0.09626137899977039,37086.0,50655.0,50,1000,50
45500,811,0.096446035999179,37086.0,50656.0,50,1000,50
45501,812,0.09662231599941151,37086.0,50657.0,50,1000,50
45502,813,0.0968079949998355,37086.0,50658.0,50,1000,50
45503,814,0.09698762199968769,37086.0,50659.0,50,1000,50
45504,815,0.09719582199977594,37086.0,50660.0,50,1000,50
45505,816,0.09737028899962752,37086.0,50661.0,50,1000,50
45506,817,0.09754722099933133,37086.0,50662.0,50,1000,50
45507,818,0.09773124599996663,37086.0,50663.0,50,1000,50
45508,819,0.09792042099979881,37086.0,50664.0,50,1000,50
45509,820,0.09811127899956773,37086.0,50665.0,50,1000,50
45510,821,0.09831404999931692,37086.0,50666.0,50,1000,50
45511,822,0.0985273699998288,37086.0,50667.0,50,1000,50
45512,823,0.09870945099919481,37086.0,50668.0,50,1000,50
45513,824,0.09889377699983015,37086.0,50669.0,50,1000,50
45514,825,0.09907023799951276,37086.0,50670.0,50,1000,50
45515,826,0.09925004499928036,37086.0,50671.0,50,1000,50
45516,827,0.09943563299930247,37086.0,50672.0,50,1000,50
45517,828,0.09964811199915857,37086.0,50673.0,50,1000,50
45518,829,0.09983504199954041,37086.0,50674.0,50,1000,50
45519,830,0.10002701299981709,37086.0,50675.0,50,1000,50
45520,831,0.10022165800000948,37086.0,50676.0,50,1000,50
45521,832,0.10042062100001203,37086.0,50677.0,50,1000,50
45522,833,0.10059938599988527,37086.0,50678.0,50,1000,50
45523,834,0.10081502100001671,37086.0,50679.0,50,1000,50
45524,835,0.10102091699991433,37086.0,50680.0,50,1000,50
45525,836,0.10120738699970389,37086.0,50681.0,50,1000,50
45526,837,0.10139194299972587,37086.0,50682.0,50,1000,50
45527,838,0.10157032799997978,37086.0,50683.0,50,1000,50
45528,839,0.10175911199985421,37086.0,50684.0,50,1000,50
45529,840,0.10193869899921992,37086.0,50685.0,50,1000,50
45530,841,0.1021185659992625,37086.0,50686.0,50,1000,50
45531,842,0.10233421099928819,37086.0,50687.0,50,1000,50
45532,843,0.10251898699971207,37086.0,50688.0,50,1000,50
45533,844,0.10270555699935358,37086.0,50689.0,50,1000,50
45534,845,0.10289016299975628,37086.0,50690.0,50,1000,50
45535,846,0.10308144199916569,37086.0,50691.0,50,1000,50
45536,847,0.10326977599925158,37086.0,50692.0,50,1000,50
45537,848,0.10345668599984492,37086.0,50693.0,50,1000,50
45538,849,0.10368513499997789,37086.0,50694.0,50,1000,50
45539,850,0.10387998999976844,37086.0,50695.0,50,1000,50
45540,851,0.10407203099930484,37086.0,50696.0,50,1000,50
45541,852,0.10427165499913826,37086.0,50697.0,50,1000,50
45542,853,0.10447400499924697,37086.0,50698.0,50,1000,50
45543,854,0.10467175599933398,37086.0,50699.0,50,1000,50
45544,855,0.10486612999920908,37086.0,50700.0,50,1000,50
45545,856,0.10506360099952872,37086.0,50701.0,50,1000,50
45546,857,0.10525888699976349,37086.0,50702.0,50,1000,50
45547,858,0.1054361489996154,37086.0,50703.0,50,1000,50
45548,859,0.10564543199961918,37086.0,50704.0,50,1000,50
45549,860,0.10584345299957931,37086.0,50705.0,50,1000,50
45550,861,0.10605344699979469,37086.0,50706.0,50,1000,50
45551,862,0.10625638799956505,37086.0,50707.0,50,1000,50
45552,863,0.10648718099946564,37086.0,50708.0,50,1000,50
45553,864,0.10672692999924038,37086.0,50709.0,50,1000,50
45554,865,0.10696356399967044,37086.0,50710.0,50,1000,50
45555,866,0.10719303499990929,37086.0,50711.0,50,1000,50
45556,867,0.10743315499985329,37086.0,50712.0,50,1000,50
45557,868,0.1076779439999882,37086.0,50713.0,50,1000,50
45558,869,0.10791364699980477,37086.0,50714.0,50,1000,50
45559,870,0.10815649199957988,37086.0,50715.0,50,1000,50
45560,871,0.10840550899956725,37086.0,50716.0,50,1000,50
45561,872,0.10864711199974408,37086.0,50717.0,50,1000,50
45562,873,0.10890215099971101,37086.0,50718.0,50,1000,50
45563,874,0.10915368299993133,37086.0,50719.0,50,1000,50
45564,875,0.10939750999932585,37086.0,50720.0,50,1000,50
45565,876,0.10964896199948271,37086.0,50721.0,50,1000,50
45566,877,0.10989694699946995,37086.0,50722.0,50,1000,50
45567,878,0.11013009499947657,37086.0,50723.0,50,1000,50
45568,879,0.11036487499950454,37086.0,50724.0,50,1000,50
45569,880,0.11059693999959563,37086.0,50725.0,50,1000,50
45570,881,0.11084288199981529,37086.0,50726.0,50,1000,50
45571,882,0.1110933109994221,37086.0,50727.0,50,1000,50
45572,883,0.11134814899924095,37086.0,50728.0,50,1000,50
45573,884,0.11160170499988453,37086.0,50729.0,50,1000,50
45574,885,0.11184834799951204,37086.0,50730.0,50,1000,50
45575,886,0.11209255599987955,37086.0,50731.0,50,1000,50
45576,887,0.11233841699959157,37086.0,50732.0,50,1000,50
45577,888,0.11258484899917676,37086.0,50733.0,50,1000,50
45578,889,0.11283029999958671,37086.0,50734.0,50,1000,50
45579,890,0.11307857499923557,37086.0,50735.0,50,1000,50
45580,891,0.1133152689999406,37086.0,50736.0,50,1000,50
45581,892,0.11355347599965171,37086.0,50737.0,50,1000,50
45582,893,0.11380866499985132,37086.0,50738.0,50,1000,50
45583,894,0.11405672000000777,37086.0,50739.0,50,1000,50
45584,895,0.11431315099980566,37086.0,50740.0,50,1000,50
45585,896,0.11456105599972943,37086.0,50741.0,50,1000,50
45586,897,0.11481696599912539,37086.0,50742.0,50,1000,50
45587,898,0.115058518999831,37086.0,50743.0,50,1000,50
45588,899,0.11530417999983911,37086.0,50744.0,50,1000,50
45589,900,0.11552863099950628,37086.0,50745.0,50,1000,50
45590,901,0.11571583199929592,37086.0,50746.0,50,1000,50
45591,902,0.11591943399980664,37086.0,50747.0,50,1000,50
45592,903,0.11615034699934768,37086.0,50748.0,50,1000,50
45593,904,0.11638472699996782,37086.0,50749.0,50,1000,50
45594,905,0.11658542299937835,37086.0,50750.0,50,1000,50
45595,906,0.11678480699993088,37086.0,50751.0,50,1000,50
45596,907,0.11697612599982676,37086.0,50752.0,50,1000,50
45597,908,0.11717659199985064,37086.0,50753.0,50,1000,50
45598,909,0.11737293999976828,37086.0,50754.0,50,1000,50
45599,910,0.1176218369992057,37086.0,50755.0,50,1000,50
45600,911,0.11782584999946266,37086.0,50756.0,50,1000,50
45601,912,0.11803068399967742,37086.0,50757.0,50,1000,50
45602,913,0.11823572899993451,37086.0,50758.0,50,1000,50
45603,914,0.11843047399997886,37086.0,50759.0,50,1000,50
45604,915,0.11863155099945288,37086.0,50760.0,50,1000,50
45605,916,0.11887046899937559,37086.0,50761.0,50,1000,50
45606,917,0.11906520499996986,37086.0,50762.0,50,1000,50
45607,918,0.11926151299940102,37086.0,50763.0,50,1000,50
45608,919,0.11946181899929798,37086.0,50764.0,50,1000,50
45609,920,0.11966606199985108,37086.0,50765.0,50,1000,50
45610,921,0.11986071699993772,37086.0,50766.0,50,1000,50
45611,922,0.12011461299971415,37086.0,50767.0,50,1000,50
45612,923,0.12032240299959085,37086.0,50768.0,50,1000,50
45613,924,0.12052493299961498,37086.0,50769.0,50,1000,50
45614,925,0.12072770399936417,37086.0,50770.0,50,1000,50
45615,926,0.12095453899928543,37086.0,50771.0,50,1000,50
45616,927,0.12117773799946008,37086.0,50772.0,50,1000,50
45617,928,0.12141873999917152,37086.0,50773.0,50,1000,50
45618,929,0.12161455699970247,37086.0,50774.0,50,1000,50
45619,930,0.1218213049996848,37086.0,50775.0,50,1000,50
45620,931,0.12202667999918049,37086.0,50776.0,50,1000,50
45621,932,0.12223470999924757,37086.0,50777.0,50,1000,50
45622,933,0.1224376009995467,37086.0,50778.0,50,1000,50
45623,934,0.12266552799974306,37086.0,50779.0,50,1000,50
45624,935,0.12287046299934445,37086.0,50780.0,50,1000,50
45625,936,0.12307570799930545,37086.0,50781.0,50,1000,50
